Date,WPR,Climate_Model,Population_Growth_Rate,Efficiency,Precipitation,Runoff,SW_In,SW_Out,SW_Diversions,SW_Returns,GW_Diversions,GW_Returns,Recharge,GW_In,SW_to_GW,GW_Out,ET_Land_Surface,ET_SW,ET_Human_Use,ET_GW,ET_Total,Cumulative_Storage_Change_Human_Use,Cumulative_Storage_Change_GW,Monthly_Storage_Change_Human_Use,Monthly_Storage_Change_GW,Ag_Land
Jan 1975,Taos,Historical,Historical,Historical,141.82,0,10.13,22.45,0.26,0.04,0.55,0.55,8.48,0,-16.67,0,133.34,4.13,0.21,0,137.68,0,0,0,0,Historical
Feb 1975,Taos,Historical,Historical,Historical,257.99,0,14.55,26.8,0.26,0.04,0.55,0.55,8.47,0,-16.6,0,249.52,4.14,0.21,0,253.87,0,-8.18,0,-8.18,Historical
Mar 1975,Taos,Historical,Historical,Historical,316.22,0,23.62,38.16,0.26,0.05,0.55,0.55,10.06,0,-16.53,0,306.16,1.78,0.21,0,308.15,0,-16.31,0,-8.13,Historical
Apr 1975,Taos,Historical,Historical,Historical,142.59,5.85,27.34,49.16,0.26,0.05,0.55,0.55,15.05,0,-16.48,0,121.69,0.3,0.21,0,122.2,0,-22.77,0,-6.46,Historical
May 1975,Taos,Historical,Historical,Historical,55.56,28.48,72.41,116.65,0.26,0.05,0.55,0.55,30.29,0,-16.46,0,-3.21,0.49,0.21,0,-2.51,0,-24.19,0,-1.42,Historical
Jun 1975,Taos,Historical,Historical,Historical,75.74,28.25,103.05,142.4,12.64,7.85,1.28,0.55,31.96,0,-16.58,0,15.53,0.68,5.52,1.75,23.48,0,-10.35,0,13.84,Historical
Jul 1975,Taos,Historical,Historical,Historical,369.63,14.16,70.92,95.23,15.88,9.89,1.48,0.55,23.89,0,-16.69,0,331.58,0.55,6.91,3.09,342.14,0,2.55,0,12.9,Historical
Aug 1975,Taos,Historical,Historical,Historical,190.28,6.6,28.59,44.52,18.39,11.47,1.62,0.55,18.6,0,-16.72,0,165.09,0.47,7.99,2.88,176.42,0,5.74,0,3.19,Historical
Sep 1975,Taos,Historical,Historical,Historical,329.58,4.53,23.91,43.85,2.34,1.36,0.67,0.55,15.23,0,-16.71,0,309.82,0.32,1.1,0.92,312.15,0,3.66,0,-2.08,Historical
Oct 1975,Taos,Historical,Historical,Historical,13.47,0,16.28,29.6,0.26,0.05,0.55,0.55,9.27,0,-16.69,0,4.2,3.17,0.21,0,7.58,0,1.15,0,-2.51,Historical
Nov 1975,Taos,Historical,Historical,Historical,267.54,0,50.17,61.75,0.26,0.05,0.55,0.55,8.02,0,-16.63,0,259.52,4.85,0.21,0,264.58,0,-6.28,0,-7.43,Historical
Dec 1975,Taos,Historical,Historical,Historical,44.26,0,18.6,32.61,0.26,0.05,0.55,0.55,9.64,0,-16.56,0,34.63,2.33,0.21,0,37.17,0,-14.89,0,-8.61,Historical
Jan 1976,Taos,Historical,Historical,Historical,47.57,0,13.4,26.82,0.19,0.05,0.49,0.46,9.19,0,-16.5,0,38.38,2.93,0.19,0,41.5,0,-21.81,0,-6.92,Historical
Feb 1976,Taos,Historical,Historical,Historical,143.04,0,21.08,35.25,0.19,0.05,0.49,0.46,9.74,0,-16.44,0,133.3,2.13,0.19,0,135.61,0,-29.15,0,-7.34,Historical
Mar 1976,Taos,Historical,Historical,Historical,183.38,0,31.46,46.09,0.19,0.05,0.49,0.46,10.09,0,-16.38,0,173.29,1.61,0.19,0,175.09,0,-35.89,0,-6.74,Historical
Apr 1976,Taos,Historical,Historical,Historical,128.9,6.18,31.01,53.04,0.19,0.05,0.49,0.46,15.17,0,-16.33,0,107.54,0.33,0.19,0,108.06,0,-42.22,0,-6.33,Historical
May 1976,Taos,Historical,Historical,Historical,169.13,17.46,45.56,78.49,0.75,0.39,0.52,0.46,22.88,0,-16.32,0,128.79,0.48,0.42,0.12,129.81,0,-43.41,0,-1.19,Historical
Jun 1976,Taos,Historical,Historical,Historical,42.91,19.78,51.99,77.65,26.13,16.27,1.71,0.46,27.53,0,-16.37,0,-4.4,0.64,11.1,3.16,10.5,0,-37.03,0,6.38,Historical
Jul 1976,Taos,Historical,Historical,Historical,250.55,8.22,17.5,33.81,20.72,12.89,1.46,0.46,19.8,0,-16.43,0,222.52,0.51,8.83,3.19,235.06,0,-30.28,0,6.75,Historical
Aug 1976,Taos,Historical,Historical,Historical,291.14,5.82,9.17,25.43,14.72,9.14,1.18,0.46,17.75,0,-16.43,0,267.57,0.39,6.3,2.75,277.02,0,-31.1,0,-0.82,Historical
Sep 1976,Taos,Historical,Historical,Historical,207.83,0,2.76,15.2,0.19,0.05,0.5,0.46,8.65,0,-16.42,0,199.19,3.83,0.19,0,203.2,0,-33.25,0,-2.15,Historical
Oct 1976,Taos,Historical,Historical,Historical,67.21,0,5.74,17.79,0.19,0.05,0.5,0.46,8.33,0,-16.35,0,58.88,4.15,0.19,0,63.22,0,-41.06,0,-7.81,Historical
Nov 1976,Taos,Historical,Historical,Historical,87.01,0,7.92,20.53,0.19,0.05,0.5,0.46,8.67,0,-16.28,0,78.35,3.52,0.19,0,82.05,0,-49.12,0,-8.06,Historical
Dec 1976,Taos,Historical,Historical,Historical,18.91,0,7.72,20.44,0.19,0.05,0.5,0.46,8.71,0,-16.21,0,10.2,3.34,0.19,0,13.73,0,-56.77,0,-7.65000000000001,Historical
Jan 1977,Taos,Historical,Historical,Historical,145.82,0,6.82,19.67,0.19,0.05,0.5,0.46,8.8,0,-16.15,0,137.02,3.15,0.19,0,140.36,0,-64.32,0,-7.54999999999999,Historical
Feb 1977,Taos,Historical,Historical,Historical,73.68,0,10.74,24.11,0.19,0.05,0.5,0.46,9.18,0,-16.08,0,64.5,2.56,0.19,0,67.25,0,-71.71,0,-7.39,Historical
Mar 1977,Taos,Historical,Historical,Historical,87.35,0,17.08,30.88,0.19,0.05,0.5,0.46,9.52,0,-16.02,0,77.83,2.06,0.19,0,80.08,0,-78.64,0,-6.93000000000001,Historical
Apr 1977,Taos,Historical,Historical,Historical,237.87,0,7.46,22.33,0.19,0.05,0.5,0.46,10.3,0,-15.96,0,227.57,0.94,0.19,0,228.7,0,-85.18,0,-6.54000000000001,Historical
May 1977,Taos,Historical,Historical,Historical,135.89,0.55,3.14,18.67,1.28,0.73,0.55,0.46,11.28,0,-15.91,0,124.06,0.36,0.65,0.19,125.26,0,-90.87,0,-5.69,Historical
Jun 1977,Taos,Historical,Historical,Historical,120.1,7.88,1.18,15.12,24.79,15.44,1.65,0.46,19.26,0,-15.86,0,92.96,0.45,10.54,3.26,107.21,0,-95.78,0,-4.91,Historical
Jul 1977,Taos,Historical,Historical,Historical,418.05,3.48,1.52,15.17,13.99,8.68,1.14,0.46,16.12,0,-15.85,0,398.45,0.38,6,3.09,407.92,0,-96.83,0,-1.05,Historical
Aug 1977,Taos,Historical,Historical,Historical,334.35,3.84,0.93,14.39,15.5,9.62,1.21,0.46,16.02,0,-15.82,0,314.49,0.32,6.63,2.77,324.21,0,-100.34,0,-3.51000000000001,Historical
Sep 1977,Taos,Historical,Historical,Historical,187.84,2.96,0.83,14.39,13.07,8.1,1.1,0.46,14.5,0,-15.8,0,170.37,0.24,5.61,1.86,178.07,0,-103.67,0,-3.33,Historical
Oct 1977,Taos,Historical,Historical,Historical,55.08,0,1.07,13.06,0.19,0.05,0.5,0.46,8.29,0,-15.76,0,46.8,3.62,0.19,0,50.61,0,-107.46,0,-3.78999999999999,Historical
Nov 1977,Taos,Historical,Historical,Historical,224.15,0,4.73,16.81,0.19,0.05,0.5,0.46,8.31,0,-15.69,0,215.84,3.46,0.19,0,219.49,0,-114.98,0,-7.52000000000001,Historical
Dec 1977,Taos,Historical,Historical,Historical,32.23,0,5.24,17.12,0.19,0.05,0.5,0.46,8.15,0,-15.62,0,24.08,3.6,0.19,0,27.87,0,-122.4,0,-7.42,Historical
Jan 1978,Taos,Historical,Historical,Historical,128.03,0,9.11,21.02,0.19,0.05,0.5,0.46,8.17,0,-15.55,0,119.86,3.49,0.19,0,123.54,0,-129.92,0,-7.51999999999998,Historical
Feb 1978,Taos,Historical,Historical,Historical,124.11,0,12.23,24.38,0.19,0.05,0.5,0.46,8.35,0,-15.48,0,115.75,3.19,0.19,0,119.13,0,-137.34,0,-7.42000000000002,Historical
Mar 1978,Taos,Historical,Historical,Historical,246.88,0,13.12,27.29,0.19,0.05,0.5,0.46,9.78,0,-15.41,0,237.1,1.09,0.19,0,238.38,0,-144.5,0,-7.16,Historical
Apr 1978,Taos,Historical,Historical,Historical,48.32,3.16,5.66,23.72,0.19,0.05,0.5,0.46,12.48,0,-15.35,0,32.69,0.3,0.19,0,33.18,0,-150.18,0,-5.68000000000001,Historical
May 1978,Taos,Historical,Historical,Historical,301.28,24.57,24.74,64.04,0.22,0.06,0.5,0.46,26.9,0,-15.32,0,249.8,0.44,0.2,0.02,250.45,0,-153.09,0,-2.91,Historical
Jun 1978,Taos,Historical,Historical,Historical,156.91,24.66,32.31,62.86,23.53,14.65,1.59,0.46,30.16,0,-15.4,0,102.1,0.63,10.02,3.15,115.9,0,-141.57,0,11.52,Historical
Jul 1978,Taos,Historical,Historical,Historical,162.46,9.56,24.32,39.25,25.39,15.81,1.68,0.46,20.21,0,-15.49,0,132.69,0.54,10.8,3.33,147.35,0,-131.1,0,10.47,Historical
Aug 1978,Taos,Historical,Historical,Historical,170.71,6.87,7.49,21.23,21.78,13.55,1.51,0.46,17.88,0,-15.49,0,145.95,0.4,9.28,2.82,158.44,0,-130.93,0,0.169999999999987,Historical
Sep 1978,Taos,Historical,Historical,Historical,97.52,0,3.76,13.56,0.19,0.05,0.5,0.46,6.87,0,-15.48,0,90.65,5.53,0.19,0,96.37,0,-132.4,0,-1.47,Historical
Oct 1978,Taos,Historical,Historical,Historical,140.35,0,14.42,21.89,0.19,0.05,0.5,0.46,5.27,0,-15.4,0,135.08,7.78,0.19,0,143.04,0,-141.05,0,-8.65000000000001,Historical
Nov 1978,Taos,Historical,Historical,Historical,372.94,0,15,27.94,0.19,0.05,0.5,0.46,8.89,0,-15.3,0,364.04,2.21,0.19,0,366.44,0,-151.21,0,-10.16,Historical
Dec 1978,Taos,Historical,Historical,Historical,208.49,0,9.66,23.35,0.19,0.05,0.5,0.46,9.36,0,-15.24,0,199.12,1.39,0.19,0,200.71,0,-157.67,0,-6.45999999999998,Historical
Jan 1979,Taos,Historical,Historical,Historical,288.48,0,10.11,23.78,0.19,0.05,0.5,0.46,9.34,0,-15.18,0,279.14,1.36,0.19,0,280.69,0,-163.58,0,-5.91000000000003,Historical
Feb 1979,Taos,Historical,Historical,Historical,83.68,0,11.95,26.75,0.19,0.05,0.5,0.46,10.13,0,-15.12,0,73.55,0.17,0.19,0,73.91,0,-169.46,0,-5.88,Historical
Mar 1979,Taos,Historical,Historical,Historical,152.13,17.85,24.08,56.67,0.19,0.05,0.5,0.46,22.18,0,-15.06,0,112.1,0.18,0.19,0,112.47,0,-174.48,0,-5.01999999999998,Historical
Apr 1979,Taos,Historical,Historical,Historical,121.08,31.37,48.98,94.97,0.19,0.05,0.5,0.46,31.33,0,-15.11,0,58.39,0.34,0.19,0,58.92,0,-167.4,0,7.07999999999998,Historical
May 1979,Taos,Historical,Historical,Historical,379.89,104.64,123.99,243.12,0.35,0.15,0.51,0.46,81,0,-15.23,0,194.25,0.54,0.26,0.2,195.24,0,-151.22,0,16.18,Historical
Jun 1979,Taos,Historical,Historical,Historical,257.82,161.12,214.84,384.52,17,10.56,1.29,0.46,122.13,0,-15.76,0,-25.43,0.76,7.26,2.91,-14.49,0,-85.71,0,65.51,Historical
Jul 1979,Taos,Historical,Historical,Historical,178.77,45.92,119.35,171.93,24.68,15.37,1.65,0.46,45.47,0,-16.62,0,87.37,0.65,10.5,3.32,101.84,0,16.92,0,102.63,Historical
Aug 1979,Taos,Historical,Historical,Historical,306.61,19.98,38.52,68.81,15.98,9.93,1.24,0.46,27.53,0,-16.83,0,259.1,0.47,6.84,2.72,269.12,0,41.27,0,24.35,Historical
Sep 1979,Taos,Historical,Historical,Historical,92.58,5.14,4.49,21.94,11.24,6.96,1.02,0.46,16.2,0,-16.9,0,71.24,0.31,4.84,1.34,77.73,0,48.47,0,7.2,Historical
Oct 1979,Taos,Historical,Historical,Historical,97.75,0,2.95,16.41,0.19,0.05,0.5,0.46,9.29,0,-16.88,0,88.46,3.28,0.19,0,91.93,0,45.87,0,-2.6,Historical
Nov 1979,Taos,Historical,Historical,Historical,138.64,0,6.41,21.79,0.19,0.05,0.5,0.46,10.52,0,-16.82,0,128.12,1.29,0.19,0,129.59,0,38.24,0,-7.63,Historical
Dec 1979,Taos,Historical,Historical,Historical,96.81,0.17,9.83,26.55,0.19,0.05,0.5,0.46,11.42,0,-16.77,0,85.22,0.07,0.19,0,85.48,0,31.89,0,-6.35,Historical
Jan 1980,Taos,Historical,Historical,Historical,238.01,0,16.45,31.94,0.19,0.05,0.5,0.46,10.6,0,-16.73,0,227.41,1.09,0.19,0,228.69,0,26.5,0,-5.39,Historical
Feb 1980,Taos,Historical,Historical,Historical,167.88,0,20.13,36.02,0.19,0.05,0.5,0.46,10.9,0,-16.68,0,156.99,0.64,0.19,0,157.82,0,20.32,0,-6.18,Historical
Mar 1980,Taos,Historical,Historical,Historical,213.22,0,22.44,38.65,0.19,0.05,0.5,0.46,11.15,0,-16.63,0,202.07,0.26,0.19,0,202.53,0,14.5,0,-5.82,Historical
Apr 1980,Taos,Historical,Historical,Historical,255.7,12.14,42.2,70.47,0.19,0.05,0.5,0.46,19.36,0,-16.58,0,224.21,0.31,0.19,0,224.7,0,8.98,0,-5.52,Historical
May 1980,Taos,Historical,Historical,Historical,273.06,77.41,130.29,223.55,0.5,0.24,0.52,0.46,63.47,0,-16.6,0,132.19,0.49,0.32,0.11,133.1,0,11.71,0,2.73,Historical
Jun 1980,Taos,Historical,Historical,Historical,4.31,72.74,136.48,214.08,30.16,18.8,1.9,0.46,63.82,0,-16.99,0,-132.25,0.78,12.8,3.34,-115.33,0,58.41,0,46.7,Historical
Jul 1980,Taos,Historical,Historical,Historical,112.15,24.25,37.9,68.51,27.55,17.17,1.78,0.46,31.51,0,-17.36,0,56.38,0.61,11.71,3.47,72.17,0,100.46,0,42.05,Historical
Aug 1980,Taos,Historical,Historical,Historical,214.59,10.42,10.32,30.28,19.75,12.29,1.42,0.46,21.65,0,-17.45,0,182.52,0.44,8.42,2.86,194.25,0,109.82,0,9.36,Historical
Sep 1980,Taos,Historical,Historical,Historical,142.44,2.63,2.09,17.06,12.79,7.93,1.09,0.46,15.13,0,-17.47,0,124.68,0.27,5.49,1.58,132.03,0,110.19,0,0.370000000000005,Historical
Oct 1980,Taos,Historical,Historical,Historical,125.98,0,1.68,14.8,0.19,0.05,0.5,0.46,9.05,0,-17.45,0,116.93,4.17,0.19,0,121.29,0,105.63,0,-4.56,Historical
Nov 1980,Taos,Historical,Historical,Historical,91.77,0,7.35,20.25,0.19,0.05,0.5,0.46,8.86,0,-17.38,0,82.91,4.33,0.19,0,87.43,0,97.2,0,-8.42999999999999,Historical
Dec 1980,Taos,Historical,Historical,Historical,29.64,0,17.08,31.89,0.19,0.05,0.5,0.46,10.15,0,-17.32,0,19.49,2.35,0.19,0,22.03,0,88.63,0,-8.57000000000001,Historical
Jan 1981,Taos,Historical,Historical,Historical,21.21,0,14.1,27.08,0.19,0.05,0.49,0.46,8.91,0,-17.26,0,12.3,4.14,0.18,0,16.62,0,81.42,0,-7.20999999999999,Historical
Feb 1981,Taos,Historical,Historical,Historical,43.62,0,14.7,27.43,0.19,0.05,0.49,0.46,8.77,0,-17.2,0,34.85,4.32,0.18,0,39.35,0,73.04,0,-8.38,Historical
Mar 1981,Taos,Historical,Historical,Historical,269.39,0,15.34,28.43,0.19,0.05,0.49,0.46,9.03,0,-17.13,0,260.36,3.9,0.18,0,264.43,0,64.57,0,-8.47000000000001,Historical
Apr 1981,Taos,Historical,Historical,Historical,103.84,0,4.68,17.51,0.19,0.05,0.49,0.46,8.94,0,-17.07,0,94.9,4.09,0.18,0,99.18,0,56.44,0,-8.13,Historical
May 1981,Taos,Historical,Historical,Historical,208.97,0,5.57,20.13,1.74,0.99,0.5,0.46,10.88,0,-17,0,198.09,1.69,0.79,0.32,200.89,0,48.28,0,-8.16,Historical
Jun 1981,Taos,Historical,Historical,Historical,179.37,7.7,5.98,20.33,24.93,15.14,0.56,0.46,19.89,0,-16.95,0,151.77,0.51,9.89,3.28,165.46,0,41.8,0,-6.48,Historical
Jul 1981,Taos,Historical,Historical,Historical,363.68,4.41,6.25,19.53,19.51,11.84,0.55,0.46,17.51,0,-16.95,0,341.75,0.41,7.76,3.11,353.04,0,41.36,0,-0.439999999999998,Historical
Aug 1981,Taos,Historical,Historical,Historical,462.81,4.66,6.5,23.07,11.8,7.13,0.53,0.46,17.22,0,-16.93,0,440.92,0.36,4.74,2.66,448.69,0,38.72,0,-2.64,Historical
Sep 1981,Taos,Historical,Historical,Historical,167.48,0.28,6.72,18.49,13.08,7.91,0.53,0.46,13.19,0,-16.92,0,154.01,0.27,5.24,1.6,161.11,0,36.27,0,-2.45,Historical
Oct 1981,Taos,Historical,Historical,Historical,113.59,0,14.35,24.11,0.19,0.05,0.49,0.46,6.8,0,-16.87,0,106.79,6.96,0.18,0,113.94,0,30.88,0,-5.39,Historical
Nov 1981,Taos,Historical,Historical,Historical,79.5,0,25.26,34.78,0.19,0.05,0.49,0.46,6.6,0,-16.79,0,72.91,7.13,0.18,0,80.21,0,20.77,0,-10.11,Historical
Dec 1981,Taos,Historical,Historical,Historical,75.29,0,10.6,22.62,0.19,0.05,0.5,0.46,8.25,0,-16.71,0,67.04,4.53,0.18,0,71.75,0,10.54,0,-10.23,Historical
Jan 1982,Taos,Historical,Historical,Historical,207.45,0,13.12,24.41,0.19,0.04,0.49,0.46,7.76,0,-16.64,0,199.69,5.2,0.18,0,205.07,0,2.06,0,-8.48,Historical
Feb 1982,Taos,Historical,Historical,Historical,213.5,0,17.4,29.14,0.19,0.04,0.49,0.46,8.08,0,-16.56,0,205.42,4.68,0.18,0,210.29,0,-6.86,0,-8.92,Historical
Mar 1982,Taos,Historical,Historical,Historical,179.17,0,22.9,37.62,0.19,0.04,0.49,0.46,10.14,0,-16.49,0,169.02,1.62,0.18,0,170.83,0,-15.37,0,-8.51,Historical
Apr 1982,Taos,Historical,Historical,Historical,63.9,1.02,22.05,39.05,0.19,0.04,0.49,0.46,11.77,0,-16.44,0,51.11,0.31,0.18,0,51.6,0,-21.75,0,-6.38,Historical
May 1982,Taos,Historical,Historical,Historical,225.99,20.54,68.72,104.93,0.47,0.21,0.49,0.46,24.98,0,-16.4,0,180.48,0.46,0.29,0.08,181.31,0,-26.46,0,-4.71,Historical
Jun 1982,Taos,Historical,Historical,Historical,69.56,30.65,89.84,125.95,26.45,16.07,0.57,0.46,34.71,0,-16.47,0,4.21,0.62,10.49,2.96,18.27,0,-17.99,0,8.47,Historical
Jul 1982,Taos,Historical,Historical,Historical,294.09,14.48,45.19,68.37,18.68,11.33,0.55,0.46,24.08,0,-16.59,0,255.54,0.54,7.43,3.14,266.65,0,-2.81,0,15.18,Historical
Aug 1982,Taos,Historical,Historical,Historical,447.85,10.88,31.16,53.18,12.72,7.69,0.53,0.46,21.18,0,-16.63,0,415.79,0.45,5.1,2.64,423.98,0,1.46,0,4.27,Historical
Sep 1982,Taos,Historical,Historical,Historical,282.83,10.3,46.36,69.47,8.8,5.3,0.52,0.46,19.85,0,-16.64,0,252.68,0.33,3.56,1.69,258.25,0,3.31,0,1.85,Historical
Oct 1982,Taos,Historical,Historical,Historical,106.39,5.72,29.05,51.08,0.19,0.04,0.49,0.46,15.08,0,-16.65,0,85.59,0.2,0.18,0,85.97,0,4.77,0,1.46,Historical
Nov 1982,Taos,Historical,Historical,Historical,203.33,1.18,29.31,46.88,0.19,0.04,0.49,0.46,12.01,0,-16.64,0,190.14,0.1,0.18,0,190.42,0,3.17,0,-1.6,Historical
Dec 1982,Taos,Historical,Historical,Historical,214.92,0,18.06,34.33,0.19,0.04,0.49,0.46,11.11,0,-16.6,0,203.81,0.18,0.18,0,204.18,0,-1.5,0,-4.67,Historical
Jan 1983,Taos,Historical,Historical,Historical,83.36,0,18.94,33.69,0.19,0.04,0.49,0.46,10.09,0,-16.56,0,73.27,1.66,0.18,0,75.11,0,-7.02,0,-5.52,Historical
Feb 1983,Taos,Historical,Historical,Historical,151.59,0,27.15,43.06,0.19,0.04,0.49,0.46,10.9,0,-16.5,0,140.69,0.44,0.18,0,141.31,0,-13.51,0,-6.49,Historical
Mar 1983,Taos,Historical,Historical,Historical,313.82,3.26,33.4,52.78,0.19,0.04,0.49,0.46,13.29,0,-16.45,0,297.27,0.18,0.18,0,297.63,0,-19.14,0,-5.63,Historical
Apr 1983,Taos,Historical,Historical,Historical,194.47,20.38,35.63,72.01,0.19,0.04,0.49,0.46,24.81,0,-16.43,0,149.28,0.28,0.18,0,149.73,0,-22.33,0,-3.19,Historical
May 1983,Taos,Historical,Historical,Historical,141.75,86.29,51.25,153.4,0.19,0.05,0.49,0.46,69.28,0,-16.49,0,-13.81,0.49,0.18,0,-13.15,0,-13.98,0,8.35,Historical
Jun 1983,Taos,Historical,Historical,Historical,195.48,123.7,126.31,259.11,18.17,11.02,0.54,0.46,97.55,0,-16.93,0,-25.77,0.68,7.23,2.77,-15.09,0,38.78,0,52.76,Historical
Jul 1983,Taos,Historical,Historical,Historical,241.92,44.74,51.24,104.66,21.13,12.82,0.55,0.47,45.17,0,-17.58,0,152.01,0.59,8.4,3.17,164.17,0,116.56,0,77.78,Historical
Aug 1983,Taos,Historical,Historical,Historical,289.33,19.11,10.74,40.41,17.23,10.44,0.54,0.47,27.65,0,-17.79,0,242.57,0.45,6.86,2.77,252.66,0,140.89,0,24.33,Historical
Sep 1983,Taos,Historical,Historical,Historical,99.95,7.24,1.9,20.54,15.63,9.46,0.54,0.47,18.79,0,-17.86,0,73.91,0.3,6.23,1.87,82.32,0,147.9,0,7.01000000000002,Historical
Oct 1983,Taos,Historical,Historical,Historical,105.21,0,3.78,18.11,0.19,0.04,0.49,0.47,9.87,0,-17.86,0,95.34,3.39,0.18,0,98.91,0,146.88,0,-1.02000000000001,Historical
Nov 1983,Taos,Historical,Historical,Historical,208.65,0,6.35,20.37,0.19,0.04,0.49,0.47,9.61,0,-17.81,0,199.04,3.64,0.18,0,202.86,0,138.86,0,-8.01999999999998,Historical
Dec 1983,Taos,Historical,Historical,Historical,279.1,0,16.56,31.71,0.19,0.04,0.49,0.47,10.34,0,-17.75,0,268.76,2.46,0.18,0,271.39,0,130.64,0,-8.22000000000003,Historical
Jan 1984,Taos,Historical,Historical,Historical,87.75,0,16.31,30.54,0.19,0.04,0.49,0.47,9.73,0,-17.7,0,78.01,3.32,0.18,0,81.51,0,123.21,0,-7.42999999999999,Historical
Feb 1984,Taos,Historical,Historical,Historical,89.33,0,17.53,31.73,0.19,0.04,0.49,0.47,9.75,0,-17.64,0,79.58,3.29,0.18,0,83.04,0,115.22,0,-7.98999999999999,Historical
Mar 1984,Taos,Historical,Historical,Historical,246.58,0,34.33,51.27,0.19,0.04,0.49,0.47,11.64,0,-17.58,0,234.95,0.5,0.18,0,235.62,0,107.3,0,-7.92,Historical
Apr 1984,Taos,Historical,Historical,Historical,194.94,27.34,54.65,99.05,0.19,0.04,0.49,0.47,30.25,0,-17.54,0,137.35,0.32,0.18,0,137.85,0,101.33,0,-5.97,Historical
May 1984,Taos,Historical,Historical,Historical,87.92,116.32,114.17,245.3,5.48,3.27,0.51,0.47,91.01,0,-17.65,0,-119.4,0.63,2.25,0.71,-115.81,0,114.01,0,12.68,Historical
Jun 1984,Taos,Historical,Historical,Historical,180.86,54.28,74.13,137.67,21.28,12.91,0.55,0.47,51.84,0,-18.27,0,74.75,0.63,8.45,2.95,86.78,0,186.62,0,72.61,Historical
Jul 1984,Taos,Historical,Historical,Historical,214.99,16.02,20.51,45.52,22.94,13.92,0.56,0.47,26.47,0,-18.53,0,172.49,0.54,9.1,3.18,185.32,0,217.16,0,30.54,Historical
Aug 1984,Taos,Historical,Historical,Historical,394.83,8.56,10.5,32.18,12.78,7.72,0.53,0.47,21.01,0,-18.59,0,365.26,0.42,5.12,2.71,373.5,0,221.83,0,4.67000000000002,Historical
Sep 1984,Taos,Historical,Historical,Historical,115.22,4.39,7.32,24.27,14.54,8.79,0.53,0.47,17.25,0,-18.6,0,93.58,0.3,5.81,1.75,101.43,0,221.48,0,-0.350000000000023,Historical
Oct 1984,Taos,Historical,Historical,Historical,409.12,0.03,9.12,27.45,0.19,0.04,0.49,0.47,12.56,0,-18.59,0,396.53,0.15,0.18,0,396.85,0,218.31,0,-3.16999999999999,Historical
Nov 1984,Taos,Historical,Historical,Historical,83.95,0,28.03,44.48,0.19,0.04,0.49,0.47,11.27,0,-18.56,0,72.68,1.96,0.18,0,74.82,0,212.24,0,-6.06999999999999,Historical
Dec 1984,Taos,Historical,Historical,Historical,232.43,0.91,21.43,40.63,0.19,0.04,0.49,0.47,13.09,0,-18.51,0,218.43,0.07,0.18,0,218.68,0,204.92,0,-7.32000000000002,Historical
Jan 1985,Taos,Historical,Historical,Historical,141.44,0.34,20.32,38.92,0.19,0.04,0.49,0.47,12.68,0,-18.48,0,128.42,0.07,0.18,0,128.66,0,199.47,0,-5.44999999999999,Historical
Feb 1985,Taos,Historical,Historical,Historical,108.48,2.52,20.19,40.97,0.19,0.04,0.49,0.47,14.18,0,-18.52,0,91.77,0.1,0.18,0,92.05,0,193.65,0,-5.81999999999999,Historical
Mar 1985,Taos,Historical,Historical,Historical,377.48,8.39,39.4,66.02,0.19,0.04,0.49,0.47,18.17,0,-18.57,0,350.92,0.19,0.18,0,351.29,0,189.29,0,-4.36000000000001,Historical
Apr 1985,Taos,Historical,Historical,Historical,329.46,44.85,138.39,201.33,0.19,0.04,0.49,0.47,42.79,0,-18.63,0,241.81,0.39,0.18,0,242.38,0,188.87,0,-0.419999999999987,Historical
May 1985,Taos,Historical,Historical,Historical,235.29,121.48,220.37,359.22,2.14,1.23,0.5,0.47,95.03,0,-18.87,0,18.78,0.59,0.94,0.44,20.75,0,213,0,24.13,Historical
Jun 1985,Taos,Historical,Historical,Historical,147.45,89.79,262.85,362.17,23.16,14.06,0.56,0.47,76.65,0,-19.4,0,-18.99,0.77,9.19,3.05,-5.97,0,288.7,0,75.7,Historical
Jul 1985,Taos,Historical,Historical,Historical,280.49,28.08,43.13,82.84,19.25,11.67,0.55,0.47,35.38,0,-19.76,0,217.02,0.56,7.66,3.13,228.37,0,342.8,0,54.1,Historical
Aug 1985,Taos,Historical,Historical,Historical,224.56,13.09,17.38,42.18,19.49,11.82,0.55,0.47,25.06,0,-19.86,0,186.41,0.48,7.75,2.86,197.49,0,355.21,0,12.41,Historical
Sep 1985,Taos,Historical,Historical,Historical,319.7,1.58,8.26,28.3,2.79,1.62,0.5,0.47,15.4,0,-19.91,0,302.72,0.29,1.19,0.91,305.12,0,357.48,0,2.27000000000004,Historical
Oct 1985,Taos,Historical,Historical,Historical,315.68,3.48,17.53,40.56,0.19,0.04,0.49,0.47,15.77,0,-19.91,0,296.43,0.2,0.18,0,296.81,0,352.02,0,-5.46000000000004,Historical
Nov 1985,Taos,Historical,Historical,Historical,160.96,0,43.56,59.99,0.19,0.04,0.49,0.47,11.25,0,-19.97,0,149.71,3.39,0.18,0,153.27,0,347.85,0,-4.16999999999996,Historical
Dec 1985,Taos,Historical,Historical,Historical,70.55,0,33.91,51.33,0.19,0.04,0.49,0.47,11.9,0,-20,0,58.66,2.42,0.18,0,61.25,0,339.11,0,-8.74000000000001,Historical
Jan 1986,Taos,Historical,Historical,Historical,47.45,0,31.03,47.38,0.08,0.06,0.46,0.33,11.11,0,-20.01,0,36.34,3.64,0.15,0,40.13,0,330.99,0,-8.12,Historical
Feb 1986,Taos,Historical,Historical,Historical,145.24,0,35.42,53.12,0.08,0.06,0.46,0.33,12.03,0,-20.03,0,133.2,2.31,0.15,0,135.66,0,321.95,0,-9.04000000000002,Historical
Mar 1986,Taos,Historical,Historical,Historical,139.91,0,42.16,61.02,0.08,0.06,0.46,0.33,12.89,0,-20.05,0,127.02,1.17,0.15,0,128.34,0,313.83,0,-8.12,Historical
Apr 1986,Taos,Historical,Historical,Historical,380.94,18.35,59.35,97.41,0.08,0.06,0.46,0.33,25.89,0,-20.07,0,336.7,0.34,0.15,0,337.19,0,306.54,0,-7.28999999999996,Historical
May 1986,Taos,Historical,Historical,Historical,217.35,31.4,94.42,145.16,0.87,0.54,0.47,0.33,34.97,0,-20.16,0,150.97,0.5,0.47,0.22,152.16,0,312.23,0,5.69,Historical
Jun 1986,Taos,Historical,Historical,Historical,351.93,50.79,247.2,311.91,14.71,9.04,0.66,0.33,50.7,0,-20.26,0,250.45,0.67,6,2.81,259.93,0,326.68,0,14.45,Historical
Jul 1986,Taos,Historical,Historical,Historical,300.37,27.39,128.27,168.65,17.93,11.03,0.71,0.33,35.21,0,-20.46,0,237.77,0.56,7.29,2.96,248.58,0,353.97,0,27.29,Historical
Aug 1986,Taos,Historical,Historical,Historical,279.12,12.8,9.63,36.05,16.95,10.42,0.69,0.33,25.33,0,-20.59,0,240.99,0.44,6.89,2.82,251.15,0,365.38,0,11.41,Historical
Sep 1986,Taos,Historical,Historical,Historical,345.34,3.3,14.63,37.21,2.77,1.71,0.5,0.33,17.2,0,-20.65,0,324.83,0.31,1.23,1.06,327.43,0,366.93,0,1.55000000000001,Historical
Oct 1986,Taos,Historical,Historical,Historical,246.59,0,36.3,56.4,0.08,0.06,0.46,0.33,13.69,0,-20.71,0,232.9,0.6,0.15,0,233.66,0,362.25,0,-4.68000000000001,Historical
Nov 1986,Taos,Historical,Historical,Historical,271.1,3.45,56.41,80.49,0.08,0.06,0.46,0.33,16.32,0,-20.76,0,251.32,0.11,0.15,0,251.59,0,355.1,0,-7.14999999999998,Historical
Dec 1986,Taos,Historical,Historical,Historical,118.98,0,38.93,57.5,0.08,0.06,0.46,0.33,12.58,0,-20.82,0,106.39,2.22,0.15,0,108.77,0,350.53,0,-4.57000000000005,Historical
Jan 1987,Taos,Historical,Historical,Historical,188.42,0,28.72,45.06,0.08,0.07,0.47,0.33,11.07,0,-20.85,0,177.34,4.5,0.16,0,182,0,342.16,0,-8.36999999999995,Historical
Feb 1987,Taos,Historical,Historical,Historical,284.87,0.22,32.13,53.09,0.08,0.07,0.47,0.33,14.21,0,-20.87,0,270.44,0.12,0.16,0,270.72,0,332.24,0,-9.92000000000002,Historical
Mar 1987,Taos,Historical,Historical,Historical,179.55,3.31,52.59,76.61,0.08,0.07,0.47,0.33,16.32,0,-20.91,0,159.92,0.19,0.16,0,160.27,0,325.43,0,-6.81,Historical
Apr 1987,Taos,Historical,Historical,Historical,115.93,26.66,137.14,184.36,0.08,0.07,0.47,0.33,32.1,0,-20.97,0,57.17,0.39,0.16,0,57.72,0,320.7,0,-4.73000000000002,Historical
May 1987,Taos,Historical,Historical,Historical,241.85,97.54,294.98,412.81,0.85,0.54,0.48,0.33,80.19,0,-21.15,0,64.12,0.55,0.46,0.2,65.33,0,331.68,0,10.98,Historical
Jun 1987,Taos,Historical,Historical,Historical,127.26,55.66,189.25,256.73,23.87,14.68,0.8,0.33,55.3,0,-21.73,0,16.3,0.72,9.67,3.14,29.83,0,390.37,0,58.69,Historical
Jul 1987,Taos,Historical,Historical,Historical,87.82,23.86,26.57,61.68,26.53,16.32,0.84,0.33,34.18,0,-22.03,0,29.77,0.56,10.73,3.25,44.31,0,420.32,0,29.95,Historical
Aug 1987,Taos,Historical,Historical,Historical,389.71,4.27,4.71,26.05,12.34,7.6,0.64,0.33,20.45,0,-22.18,0,364.99,0.37,5.06,2.62,373.04,0,428.71,0,8.38999999999999,Historical
Sep 1987,Taos,Historical,Historical,Historical,98.17,0,3.5,20.79,5.23,3.23,0.54,0.33,13.86,0,-22.22,0,84.31,2.93,2.22,0.67,90.13,0,424.05,0,-4.65999999999997,Historical
Oct 1987,Taos,Historical,Historical,Historical,67.95,0,4.49,18.29,0.08,0.07,0.47,0.33,9.44,0,-22.22,0,58.5,8.4,0.16,0,67.06,0,414.8,0,-9.25,Historical
Nov 1987,Taos,Historical,Historical,Historical,201.03,0,22.52,35.77,0.08,0.07,0.47,0.33,9.01,0,-22.23,0,192.01,8.97,0.16,0,201.14,0,401.88,0,-12.92,Historical
Dec 1987,Taos,Historical,Historical,Historical,179.21,0,24.22,35.84,0.08,0.07,0.47,0.33,7.88,0,-22.24,0,171.33,10.6,0.16,0,182.1,0,388.52,0,-13.36,Historical
Jan 1988,Taos,Historical,Historical,Historical,164.66,0,18.24,32.77,0.08,0.08,0.48,0.32,9.84,0,-22.23,0,154.82,7.69,0.16,0,162.67,0,374.02,0,-14.5,Historical
Feb 1988,Taos,Historical,Historical,Historical,84.99,0,23.48,36.92,0.08,0.08,0.48,0.32,9.14,0,-22.25,0,75.85,8.81,0.16,0,84.82,0,361.47,0,-12.55,Historical
Mar 1988,Taos,Historical,Historical,Historical,75.91,0,37.83,51.27,0.08,0.08,0.48,0.32,9.2,0,-22.25,0,66.71,8.81,0.16,0,75.67,0,348.2,0,-13.27,Historical
Apr 1988,Taos,Historical,Historical,Historical,196.76,0,28.93,47.84,0.08,0.08,0.48,0.32,12.97,0,-22.25,0,183.79,3.33,0.16,0,187.29,0,334.98,0,-13.22,Historical
May 1988,Taos,Historical,Historical,Historical,188.67,1.97,8.8,32.31,0.85,0.55,0.49,0.32,16.49,0,-22.25,0,170.21,0.41,0.47,0.17,171.26,0,325.54,0,-9.44,Historical
Jun 1988,Taos,Historical,Historical,Historical,316.41,10.89,9.29,35.7,15.91,9.8,0.7,0.32,25.3,0,-22.17,0,280.23,0.54,6.49,3.02,290.27,0,319.44,0,-6.10000000000002,Historical
Jul 1988,Taos,Historical,Historical,Historical,269.4,8.98,5.35,28.49,19.57,12.05,0.76,0.33,24.12,0,-22.13,0,236.3,0.46,7.95,3.15,247.86,0,319.18,0,-0.259999999999991,Historical
Aug 1988,Taos,Historical,Historical,Historical,459.83,6.33,2.61,26.37,11.41,7.04,0.64,0.33,21.85,0,-22.16,0,431.65,0.36,4.69,2.64,439.35,0,317.59,0,-1.59000000000003,Historical
Sep 1988,Taos,Historical,Historical,Historical,289.43,3.83,3.38,28.41,1.96,1.23,0.51,0.33,18.21,0,-22.19,0,267.38,0.27,0.91,0.67,269.23,0,314.31,0,-3.27999999999997,Historical
Oct 1988,Taos,Historical,Historical,Historical,64.66,0,4.64,23.68,0.08,0.08,0.48,0.33,12.96,0,-22.28,0,51.69,3.24,0.16,0,55.1,0,309.48,0,-4.82999999999998,Historical
Nov 1988,Taos,Historical,Historical,Historical,206.89,0,20.47,34.67,0.08,0.08,0.48,0.33,9.65,0,-22.35,0,197.24,8.14,0.16,0,205.53,0,300,0,-9.48000000000002,Historical
Dec 1988,Taos,Historical,Historical,Historical,88.61,0,19.27,33.94,0.08,0.08,0.48,0.33,9.93,0,-22.35,0,78.68,7.68,0.16,0,86.52,0,287.15,0,-12.85,Historical
Jan 1989,Taos,Historical,Historical,Historical,158.44,0,18.43,32.22,0.08,0.09,0.5,0.32,9.34,0,-22.36,0,149.1,8.57,0.17,0,157.84,0,274.57,0,-12.58,Historical
Feb 1989,Taos,Historical,Historical,Historical,252.75,0,18.68,36.69,0.08,0.09,0.5,0.32,12.21,0,-22.36,0,240.53,4.35,0.17,0,245.05,0,261.38,0,-13.19,Historical
Mar 1989,Taos,Historical,Historical,Historical,91.39,10.85,48,80.97,0.08,0.09,0.5,0.32,22.39,0,-22.38,0,58.15,0.27,0.17,0,58.58,0,251.05,0,-10.33,Historical
Apr 1989,Taos,Historical,Historical,Historical,43.7,21.57,61.76,105.29,0.08,0.09,0.5,0.32,29.62,0,-22.38,0,-7.49,0.42,0.17,0,-6.91,0,250.9,0,-0.150000000000006,Historical
May 1989,Taos,Historical,Historical,Historical,109.23,7.86,24.78,53.75,2,1.27,0.52,0.32,20.64,0,-22.36,0,80.74,0.52,0.93,0.27,82.46,0,257.97,0,7.07000000000002,Historical
Jun 1989,Taos,Historical,Historical,Historical,104.4,10.44,12.98,34.91,25.54,15.73,0.85,0.32,24.76,0,-21.86,0,69.19,0.56,10.34,2.99,83.08,0,255.78,0,-2.19000000000003,Historical
Jul 1989,Taos,Historical,Historical,Historical,263.05,3.93,3.99,20.56,20.79,12.81,0.79,0.32,20.05,0,-21.05,0,239.07,0.43,8.44,3.22,251.16,0,255.16,0,-0.620000000000005,Historical
Aug 1989,Taos,Historical,Historical,Historical,290.12,1.32,3,18.6,16.2,9.99,0.72,0.32,17.62,0,-20.84,0,271.17,0.34,6.61,2.69,280.81,0,250.48,0,-4.68000000000001,Historical
Sep 1989,Taos,Historical,Historical,Historical,219.95,0,2.56,16.46,0.08,0.09,0.5,0.32,9.54,0,-20.75,0,210.4,6.86,0.16,0,217.42,0,244.18,0,-6.29999999999998,Historical
Oct 1989,Taos,Historical,Historical,Historical,254.6,0,4.31,22.82,0.08,0.09,0.5,0.32,12.58,0,-20.71,0,242.01,2.21,0.16,0,244.39,0,232.8,0,-11.38,Historical
Nov 1989,Taos,Historical,Historical,Historical,15.67,0,5.31,19.96,0.08,0.09,0.5,0.32,9.94,0,-20.74,0,5.74,6.1,0.16,0,12,0,224.5,0,-8.30000000000001,Historical
Dec 1989,Taos,Historical,Historical,Historical,132.42,0,8.99,23.46,0.08,0.09,0.5,0.32,9.79,0,-20.73,0,122.63,6.27,0.16,0,129.06,0,213.53,0,-10.97,Historical
Jan 1990,Taos,Historical,Historical,Historical,140.52,0,10.69,25.47,0.08,0.1,0.51,0.32,9.99,0,-20.72,0,130.52,5.96,0.17,0,136.65,0,202.41,0,-11.12,Historical
Feb 1990,Taos,Historical,Historical,Historical,184.26,0,13.86,28.74,0.08,0.1,0.51,0.32,10.09,0,-20.71,0,174.17,5.85,0.17,0,180.18,0,191.5,0,-10.91,Historical
Mar 1990,Taos,Historical,Historical,Historical,240.51,0,18.49,37.54,0.08,0.1,0.51,0.32,12.96,0,-20.71,0,227.55,1.68,0.17,0,229.4,0,180.69,0,-10.81,Historical
Apr 1990,Taos,Historical,Historical,Historical,240.04,11.43,6.48,38.36,0.08,0.1,0.51,0.32,21.67,0,-20.72,0,206.95,0.29,0.17,0,207.41,0,172.76,0,-7.93000000000001,Historical
May 1990,Taos,Historical,Historical,Historical,142.39,17.19,32.08,69.43,0.45,0.33,0.51,0.32,25.63,0,-20.74,0,99.56,0.46,0.32,0.07,100.4,0,173.52,0,0.760000000000019,Historical
Jun 1990,Taos,Historical,Historical,Historical,68.39,19.96,16.02,45.24,27.35,16.85,0.89,0.32,30.61,0,-20.43,0,17.83,0.66,11.07,3.39,32.95,0,178.15,0,4.63,Historical
Jul 1990,Taos,Historical,Historical,Historical,428.75,6.56,12.67,33.46,14.27,8.81,0.71,0.32,20.97,0,-20.15,0,401.22,0.47,5.84,2.96,410.49,0,184.37,0,6.22,Historical
Aug 1990,Taos,Historical,Historical,Historical,289.51,5.5,8.97,28.03,15.93,9.83,0.73,0.32,19.9,0,-20.07,0,264.11,0.4,6.51,2.67,273.69,0,181.84,0,-2.53,Historical
Sep 1990,Taos,Historical,Historical,Historical,330.41,0,3.85,20.64,0.08,0.1,0.51,0.32,11.5,0,-20.05,0,318.91,3.28,0.17,0,322.37,0,178.59,0,-3.25,Historical
Oct 1990,Taos,Historical,Historical,Historical,149.69,0,14.14,30.7,0.08,0.1,0.51,0.32,11.29,0,-20.04,0,138.4,3.5,0.17,0,142.07,0,169.85,0,-8.74000000000001,Historical
Nov 1990,Taos,Historical,Historical,Historical,251.39,0,20.45,38.18,0.08,0.1,0.51,0.32,12.02,0,-20.05,0,239.37,2.34,0.17,0,241.89,0,160.9,0,-8.94999999999999,Historical
Dec 1990,Taos,Historical,Historical,Historical,308.94,0,15.03,29.71,0.08,0.1,0.51,0.32,9.92,0,-20.08,0,299.02,5.41,0.18,0,304.61,0,152.67,0,-8.23000000000002,Historical
Jan 1991,Taos,Historical,Historical,Historical,58.31,0,17.08,33.53,0.02,0.11,0.39,0.15,11.07,0,-20.08,0,47.24,3.72,0.15,0,51.11,0,142.32,0,-10.35,Historical
Feb 1991,Taos,Historical,Historical,Historical,41.97,0,19.09,38.73,0.02,0.11,0.39,0.15,13.26,0,-20.1,0,28.71,0.55,0.15,0,29.41,0,133.08,0,-9.23999999999998,Historical
Mar 1991,Taos,Historical,Historical,Historical,317.44,0,27.28,46.72,0.02,0.11,0.39,0.15,13.15,0,-20.13,0,304.29,0.79,0.15,0,305.23,0,126,0,-7.08000000000001,Historical
Apr 1991,Taos,Historical,Historical,Historical,45.71,27.05,55.51,102.46,0.02,0.11,0.39,0.15,31.82,0,-20.17,0,-13.16,0.35,0.15,0,-12.66,0,118.78,0,-7.22,Historical
May 1991,Taos,Historical,Historical,Historical,259.36,59.58,61.4,140.83,0.15,0.19,0.4,0.15,53.93,0,-20.36,0,145.85,0.55,0.2,0.05,146.66,0,130.2,0,11.42,Historical
Jun 1991,Taos,Historical,Historical,Historical,211.82,41.71,44.66,98.95,19.95,12.43,0.88,0.15,45.01,0,-20.72,0,125.1,0.61,8.25,2.93,136.9,0,163.47,0,33.27,Historical
Jul 1991,Taos,Historical,Historical,Historical,380.7,17.36,19.41,50.75,17.11,10.67,0.81,0.15,28.83,0,-20.93,0,334.51,0.51,7.1,3.02,345.14,0,184.1,0,20.63,Historical
Aug 1991,Taos,Historical,Historical,Historical,425.99,21.39,13.7,50.95,12.61,7.89,0.7,0.15,31.22,0,-21.03,0,373.38,0.44,5.27,2.64,381.73,0,188.32,0,4.22,Historical
Sep 1991,Taos,Historical,Historical,Historical,287.62,10.41,12.37,41.38,6.07,3.85,0.54,0.15,22.62,0,-21.14,0,254.59,0.33,2.61,1.35,258.88,0,195.33,0,7.01000000000002,Historical
Oct 1991,Taos,Historical,Historical,Historical,67.01,0,4.49,24.2,0.02,0.11,0.39,0.15,13.36,0,-21.22,0,53.65,1.6,0.15,0,55.4,0,195.06,0,-0.27000000000001,Historical
Nov 1991,Taos,Historical,Historical,Historical,369.78,0,16.49,35.56,0.02,0.11,0.39,0.15,12.85,0,-21.28,0,356.92,2.3,0.16,0,359.38,0,186.95,0,-8.11000000000001,Historical
Dec 1991,Taos,Historical,Historical,Historical,200.46,0,16.33,34.25,0.02,0.11,0.39,0.15,12.06,0,-21.33,0,188.39,3.49,0.16,0,192.05,0,178.28,0,-8.66999999999999,Historical
Jan 1992,Taos,Historical,Historical,Historical,88.98,0,15.46,34.19,0.02,0.11,0.4,0.15,12.61,0,-21.36,0,76.38,2.72,0.16,0,79.26,0,168.77,0,-9.50999999999999,Historical
Feb 1992,Taos,Historical,Historical,Historical,84.94,0,16.23,37.07,0.02,0.11,0.4,0.15,14.05,0,-21.4,0,70.89,0.66,0.16,0,71.7,0,159.76,0,-9.01000000000002,Historical
Mar 1992,Taos,Historical,Historical,Historical,255.53,9.15,35.68,66.18,0.02,0.11,0.4,0.15,20.63,0,-21.45,0,225.75,0.2,0.16,0,226.1,0,152.16,0,-7.59999999999999,Historical
Apr 1992,Taos,Historical,Historical,Historical,78.43,46.65,64.91,132.79,0.02,0.11,0.4,0.15,45.96,0,-21.54,0,-14.19,0.4,0.16,0,-13.63,0,151.08,0,-1.07999999999998,Historical
May 1992,Taos,Historical,Historical,Historical,343.56,59.98,23.7,104.52,1.55,1.06,0.44,0.15,55.78,0,-21.83,0,227.81,0.49,0.78,0.64,229.73,0,175.25,0,24.17,Historical
Jun 1992,Taos,Historical,Historical,Historical,125.87,48.21,27.9,88.47,24.15,15.03,0.99,0.15,50.22,0,-22.08,0,27.44,0.59,9.97,2.85,40.85,0,208.27,0,33.02,Historical
Jul 1992,Taos,Historical,Historical,Historical,252.13,14.24,6.92,35.19,20.46,12.74,0.9,0.15,27.59,0,-22.21,0,210.3,0.47,8.47,3.02,222.26,0,232.72,0,24.45,Historical
Aug 1992,Taos,Historical,Historical,Historical,413.26,4.58,9.16,31.43,11.04,6.92,0.67,0.15,20.77,0,-22.24,0,387.91,0.43,4.64,2.69,395.67,0,234.32,0,1.59999999999999,Historical
Sep 1992,Taos,Historical,Historical,Historical,78.33,0,5.69,23.5,0.02,0.11,0.4,0.15,12.15,0,-22.23,0,66.18,4.52,0.16,0,70.87,0,229.64,0,-4.68000000000001,Historical
Oct 1992,Taos,Historical,Historical,Historical,41.39,0,5.22,20.54,0.02,0.11,0.4,0.15,10.39,0,-22.18,0,30.99,6.95,0.16,0,38.11,0,219.29,0,-10.35,Historical
Nov 1992,Taos,Historical,Historical,Historical,240.35,0,11.24,28.09,0.02,0.11,0.4,0.14,11.35,0,-22.15,0,229,5.38,0.17,0,234.55,0,207.25,0,-12.04,Historical
Dec 1992,Taos,Historical,Historical,Historical,229.61,0,15.28,31.66,0.02,0.11,0.4,0.14,11.01,0,-22.14,0,218.6,5.85,0.17,0,224.62,0,196.19,0,-11.06,Historical
Jan 1993,Taos,Historical,Historical,Historical,239.17,0,16.64,36.13,0.02,0.12,0.41,0.14,13.12,0,-22.14,0,226.04,2.74,0.17,0,228.95,0,184.81,0,-11.38,Historical
Feb 1993,Taos,Historical,Historical,Historical,269.96,3.3,19.51,44.97,0.02,0.12,0.41,0.14,17.16,0,-22.16,0,249.5,0.1,0.17,0,249.77,0,175.52,0,-9.28999999999999,Historical
Mar 1993,Taos,Historical,Historical,Historical,209.46,4.33,36.06,62.49,0.02,0.12,0.41,0.14,17.89,0,-22.22,0,187.24,0.21,0.17,0,187.62,0,170.26,0,-5.26000000000002,Historical
Apr 1993,Taos,Historical,Historical,Historical,139.29,15.59,39.66,77.27,0.02,0.12,0.41,0.14,25.51,0,-22.25,0,98.19,0.34,0.17,0,98.7,0,165.66,0,-4.59999999999999,Historical
May 1993,Taos,Historical,Historical,Historical,247.26,61.16,100.01,182.82,0.51,0.42,0.42,0.14,56.38,0,-22.26,0,129.72,0.52,0.37,0.16,130.76,0,168.65,0,2.99000000000001,Historical
Jun 1993,Taos,Historical,Historical,Historical,54.26,62.4,87.04,160.04,28.72,17.85,1.11,0.14,60.05,0,-22.15,0,-68.19,0.69,11.84,3.06,-52.6,0,202.33,0,33.68,Historical
Jul 1993,Taos,Historical,Historical,Historical,129.54,20.18,19.32,49.86,28.83,17.92,1.11,0.14,31.6,0,-21.84,0,77.76,0.57,11.88,3.28,93.49,0,236.21,0,33.88,Historical
Aug 1993,Taos,Historical,Historical,Historical,668.6,9.78,10.29,39.52,5.14,3.28,0.54,0.14,23.79,0,-21.72,0,635.03,0.42,2.25,2.56,640.27,0,241.72,0,5.50999999999999,Historical
Sep 1993,Taos,Historical,Historical,Historical,128.34,11.61,21.49,52.4,5.64,3.59,0.55,0.14,23.2,0,-21.69,0,93.52,0.34,2.46,0.76,97.08,0,240.83,0,-0.889999999999986,Historical
Oct 1993,Taos,Historical,Historical,Historical,125.46,0,8.34,25.46,0.02,0.12,0.41,0.14,11.6,0,-21.74,0,113.86,4.71,0.18,0,118.75,0,241.17,0,0.339999999999975,Historical
Nov 1993,Taos,Historical,Historical,Historical,239.61,0,15.49,34.43,0.02,0.12,0.41,0.14,12.77,0,-21.75,0,226.84,2.91,0.18,0,229.93,0,230.76,0,-10.41,Historical
Dec 1993,Taos,Historical,Historical,Historical,87.92,0,20.07,36.95,0.02,0.12,0.41,0.14,11.36,0,-21.78,0,76.56,5,0.18,0,81.73,0,221.5,0,-9.25999999999999,Historical
Jan 1994,Taos,Historical,Historical,Historical,106.96,0,17.96,36.83,0.02,0.12,0.42,0.14,12.71,0,-21.79,0,94.25,3.02,0.18,0,97.45,0,210.81,0,-10.69,Historical
Feb 1994,Taos,Historical,Historical,Historical,185.12,0,20.89,39.86,0.02,0.12,0.42,0.14,12.79,0,-21.81,0,172.32,2.94,0.18,0,175.45,0,201.45,0,-9.36000000000001,Historical
Mar 1994,Taos,Historical,Historical,Historical,320.57,8.97,29.12,59.81,0.02,0.12,0.42,0.14,20.77,0,-21.84,0,290.84,0.22,0.18,0,291.24,0,192.15,0,-9.29999999999998,Historical
Apr 1994,Taos,Historical,Historical,Historical,354.04,38.46,28.84,88.97,0.02,0.12,0.42,0.14,40.69,0,-21.91,0,274.89,0.35,0.18,0,275.41,0,190.8,0,-1.34999999999999,Historical
May 1994,Taos,Historical,Historical,Historical,340.78,130.86,69.55,221.37,1.52,1.05,0.45,0.14,103.6,0,-22,0,106.32,0.57,0.79,0.58,108.25,0,209.3,0,18.5,Historical
Jun 1994,Taos,Historical,Historical,Historical,107.3,79.43,63.24,153.98,26.56,16.52,1.06,0.14,71.73,0,-22.11,0,-43.85,0.76,10.97,3.29,-28.83,0,290.01,0,80.71,Historical
Jul 1994,Taos,Historical,Historical,Historical,159.43,15.57,5.89,33.21,26.48,16.47,1.06,0.14,28.83,0,-22.27,0,115.03,0.51,10.94,3.33,129.81,0,335.41,0,45.4,Historical
Aug 1994,Taos,Historical,Historical,Historical,383.08,5.58,2.22,23.98,15.25,9.53,0.79,0.14,21.67,0,-22.29,0,355.83,0.39,6.37,2.89,365.48,0,337.71,0,2.29999999999995,Historical
Sep 1994,Taos,Historical,Historical,Historical,231.85,0.77,3.46,23.01,8.73,5.5,0.63,0.14,16.96,0,-22.29,0,214.12,0.29,3.72,1.42,219.55,0,333.56,0,-4.14999999999998,Historical
Oct 1994,Taos,Historical,Historical,Historical,290.63,0,5.68,23.89,0.02,0.12,0.42,0.14,12.32,0,-22.29,0,278.31,4.19,0.19,0,282.68,0,326.31,0,-7.25,Historical
Nov 1994,Taos,Historical,Historical,Historical,357.67,0,12.07,31.54,0.02,0.12,0.42,0.13,13.12,0,-22.29,0,344.55,2.92,0.19,0,347.66,0,316.05,0,-10.26,Historical
Dec 1994,Taos,Historical,Historical,Historical,82.91,0,23.83,38.58,0.02,0.12,0.42,0.13,9.93,0,-22.31,0,72.98,7.66,0.19,0,80.82,0,306.6,0,-9.44999999999999,Historical
Jan 1995,Taos,Historical,Historical,Historical,206.84,0,21.11,38.05,0.02,0.13,0.42,0.13,11.4,0,-22.28,0,195.44,5.44,0.19,0,201.07,0,293.94,0,-12.66,Historical
Feb 1995,Taos,Historical,Historical,Historical,106.03,0,27.05,45.6,0.02,0.13,0.42,0.13,12.54,0,-22.27,0,93.48,3.82,0.19,0,97.49,0,282.77,0,-11.17,Historical
Mar 1995,Taos,Historical,Historical,Historical,213.47,4.73,25.75,52.62,0.02,0.13,0.42,0.13,18.19,0,-22.26,0,190.55,0.21,0.19,0,190.95,0,272.75,0,-10.02,Historical
Apr 1995,Taos,Historical,Historical,Historical,273.64,5.54,30.99,58.59,0.02,0.13,0.42,0.13,18.74,0,-22.26,0,249.37,0.3,0.19,0,249.85,0,268.39,0,-4.36000000000001,Historical
May 1995,Taos,Historical,Historical,Historical,411.65,51.53,63.96,137.19,0.02,0.13,0.42,0.13,49.66,0,-22.06,0,310.46,0.46,0.19,0.06,311.16,0,264.58,0,-3.81,Historical
Jun 1995,Taos,Historical,Historical,Historical,141.7,102.76,135.77,250.8,23.08,14.38,0.99,0.13,86.73,0,-21.68,0,-47.8,0.71,9.56,2.85,-34.67,0,291.83,0,27.25,Historical
Jul 1995,Taos,Historical,Historical,Historical,159.78,43.66,163.85,219.67,23.75,14.78,1,0.13,47.23,0,-21.77,0,68.88,0.64,9.83,3.14,82.49,0,353.18,0,61.35,Historical
Aug 1995,Taos,Historical,Historical,Historical,311.81,14.52,10.47,39.81,17.48,10.91,0.85,0.13,27.4,0,-21.86,0,269.89,0.47,7.29,2.88,280.53,0,374.64,0,21.46,Historical
Sep 1995,Taos,Historical,Historical,Historical,289.73,5.82,7.74,32.23,7.9,4.99,0.62,0.13,20.31,0,-21.88,0,263.6,0.31,3.4,1.64,268.94,0,376.57,0,1.93000000000001,Historical
Oct 1995,Taos,Historical,Historical,Historical,5.04,0,8.45,27.93,0.02,0.12,0.42,0.13,13.2,0,-21.92,0,-8.16,2.54,0.19,0,-5.43,0,372.88,0,-3.69,Historical
Nov 1995,Taos,Historical,Historical,Historical,85.71,0,12.9,31.53,0.02,0.12,0.43,0.13,12.57,0,-21.9,0,73.14,3.37,0.19,0,76.69,0,363.86,0,-9.01999999999998,Historical
Dec 1995,Taos,Historical,Historical,Historical,87,0,15.31,32.34,0.02,0.12,0.43,0.13,11.46,0,-21.91,0,75.54,4.98,0.19,0,80.72,0,354.25,0,-9.61000000000001,Historical
Jan 1996,Taos,Historical,Historical,Historical,175.03,0,20.79,39.33,0.07,0.12,0.51,0.23,12.51,0,-21.9,0,162.52,3.43,0.22,0,166.17,0,343.5,0,-10.75,Historical
Feb 1996,Taos,Historical,Historical,Historical,115.36,0,29.37,47.86,0.07,0.12,0.51,0.23,12.52,0,-21.92,0,102.84,3.48,0.22,0,106.55,0,333.83,0,-9.67000000000002,Historical
Mar 1996,Taos,Historical,Historical,Historical,146.32,0,24.07,41.2,0.07,0.12,0.51,0.23,11.64,0,-21.92,0,134.68,4.85,0.22,0,139.75,0,324.15,0,-9.68000000000001,Historical
Apr 1996,Taos,Historical,Historical,Historical,44.43,0,12.2,28.42,0.07,0.12,0.51,0.23,11.11,0,-21.91,0,33.32,5.74,0.22,0,39.29,0,313.59,0,-10.56,Historical
May 1996,Taos,Historical,Historical,Historical,16.36,2.08,9.58,29.05,10.41,6.52,0.79,0.23,17.24,0,-21.79,0,-2.96,0.5,4.44,1.15,3.14,0,302.51,0,-11.08,Historical
Jun 1996,Taos,Historical,Historical,Historical,236.97,3.26,3.65,20.38,20.34,12.67,1.05,0.23,20,0,-21.63,0,213.71,0.49,8.49,3.23,225.92,0,296.25,0,-6.25999999999999,Historical
Jul 1996,Taos,Historical,Historical,Historical,323.31,1.87,1.76,17.68,18.38,11.45,1,0.23,18.81,0,-21.37,0,302.63,0.39,7.69,3.14,313.86,0,290.58,0,-5.67000000000002,Historical
Aug 1996,Taos,Historical,Historical,Historical,356.32,1.52,1.87,18.49,15.41,9.62,0.92,0.23,18.09,0,-21.23,0,336.71,0.34,6.49,2.75,346.29,0,284.1,0,-6.47999999999996,Historical
Sep 1996,Taos,Historical,Historical,Historical,209.97,0,2.03,16.7,6.45,4.07,0.68,0.23,12.75,0,-21.17,0,197.21,4.13,2.83,1.11,205.28,0,277.51,0,-6.59000000000003,Historical
Oct 1996,Taos,Historical,Historical,Historical,265.95,0,3.24,16.65,0.07,0.12,0.51,0.23,9.1,0,-21.14,0,256.85,7.78,0.23,0,264.86,0,267.53,0,-9.98000000000002,Historical
Nov 1996,Taos,Historical,Historical,Historical,202.78,0,6.68,22.65,0.07,0.12,0.52,0.23,10.79,0,-21.1,0,191.99,5.19,0.23,0,197.4,0,255.21,0,-12.32,Historical
Dec 1996,Taos,Historical,Historical,Historical,92.13,0,13.45,26.95,0.07,0.12,0.52,0.23,9.1,0,-21.05,0,83.03,7.61,0.23,0,90.87,0,244.61,0,-10.6,Historical
Jan 1997,Taos,Historical,Historical,Historical,278.1,0,19.2,33.14,0.07,0.13,0.52,0.23,9.41,0,-21.02,0,268.69,7.14,0.23,0,276.06,0,232.38,0,-12.23,Historical
Feb 1997,Taos,Historical,Historical,Historical,156.39,0,21.34,38.03,0.07,0.13,0.52,0.23,11.29,0,-21.01,0,145.1,4.37,0.23,0,149.7,0,220.47,0,-11.91,Historical
Mar 1997,Taos,Historical,Historical,Historical,90.2,4.45,37.49,62.75,0.07,0.13,0.52,0.23,17.15,0,-20.99,0,68.6,0.24,0.23,0,69.07,0,210.47,0,-10,Historical
Apr 1997,Taos,Historical,Historical,Historical,318.46,10.3,24.96,56.02,0.07,0.13,0.52,0.23,21.09,0,-20.99,0,287.07,0.28,0.23,0,287.59,0,206.34,0,-4.13,Historical
May 1997,Taos,Historical,Historical,Historical,217.64,56.92,75.8,152.58,1.61,1.08,0.56,0.23,52.79,0,-20.9,0,107.92,0.5,0.86,0.34,109.63,0,206.14,0,-0.200000000000017,Historical
Jun 1997,Taos,Historical,Historical,Historical,189.93,59.66,117.98,189.76,20.89,13.01,1.07,0.23,57.1,0,-20.67,0,73.17,0.67,8.73,2.96,85.52,0,237.36,0,31.22,Historical
Jul 1997,Taos,Historical,Historical,Historical,235.87,13.93,31.25,57.24,21.4,13.32,1.08,0.23,26.5,0,-20.69,0,195.44,0.54,8.93,3.17,208.09,0,269.99,0,32.63,Historical
Aug 1997,Taos,Historical,Historical,Historical,359.61,10.34,32.28,57.07,15.22,9.5,0.92,0.23,23.56,0,-20.62,0,325.71,0.45,6.42,2.69,335.27,0,271.78,0,1.78999999999996,Historical
Sep 1997,Taos,Historical,Historical,Historical,309.66,0.74,44.07,60.7,11.78,7.37,0.83,0.23,16.51,0,-20.65,0,292.41,0.35,5.02,2.09,299.87,0,271.33,0,-0.449999999999989,Historical
Oct 1997,Taos,Historical,Historical,Historical,144.38,0,71.57,92.05,0.07,0.12,0.52,0.23,13.91,0,-20.66,0,130.47,0.24,0.24,0,130.96,0,264.49,0,-6.83999999999998,Historical
Nov 1997,Taos,Historical,Historical,Historical,215.08,0.51,47.05,68.22,0.07,0.12,0.52,0.22,14.29,0,-20.7,0,200.27,0.1,0.24,0,200.61,0,257.44,0,-7.05000000000001,Historical
Dec 1997,Taos,Historical,Historical,Historical,154.05,0,25.59,43.23,0.07,0.12,0.52,0.22,11.88,0,-20.74,0,142.16,3.16,0.24,0,145.57,0,250.75,0,-6.69,Historical
Jan 1998,Taos,Historical,Historical,Historical,43.38,0,23.38,38.66,0.07,0.13,0.52,0.22,10.32,0,-20.77,0,33.06,5.54,0.24,0,38.84,0,241.59,0,-9.16,Historical
Feb 1998,Taos,Historical,Historical,Historical,159.8,0,25.76,40.46,0.07,0.13,0.52,0.22,9.94,0,-20.78,0,149.86,6.13,0.24,0,156.23,0,230.85,0,-10.74,Historical
Mar 1998,Taos,Historical,Historical,Historical,269.74,0,38.61,57.98,0.07,0.13,0.52,0.22,13.15,0,-20.78,0,256.6,1.47,0.24,0,258.31,0,219.71,0,-11.14,Historical
Apr 1998,Taos,Historical,Historical,Historical,209.92,8.22,23.51,52.32,0.07,0.13,0.52,0.22,19.57,0,-20.82,0,182.13,0.29,0.24,0,182.66,0,211.77,0,-7.94,Historical
May 1998,Taos,Historical,Historical,Historical,13.13,39.4,47.99,107.57,0.63,0.47,0.54,0.22,40.69,0,-20.87,0,-66.96,0.54,0.47,0.06,-65.89,0,210.23,0,-1.54000000000002,Historical
Jun 1998,Taos,Historical,Historical,Historical,17.33,31.72,23.95,65.34,28.53,17.73,1.28,0.22,38.71,0,-21.08,0,-53.1,0.62,11.85,3.12,-37.51,0,229.66,0,19.43,Historical
Jul 1998,Taos,Historical,Historical,Historical,519.47,13.28,11.67,40.72,13.1,8.19,0.87,0.22,26.29,0,-21.19,0,479.91,0.5,5.56,3.06,489.02,0,243.12,0,13.46,Historical
Aug 1998,Taos,Historical,Historical,Historical,275.04,10.61,4.13,28.02,20.01,12.46,1.05,0.22,24.18,0,-21.21,0,240.26,0.38,8.38,2.73,251.75,0,244.51,0,1.38999999999999,Historical
Sep 1998,Taos,Historical,Historical,Historical,172.9,2.4,2.96,21.01,14.07,8.79,0.89,0.22,17.87,0,-21.22,0,152.63,0.29,5.96,1.94,160.82,0,243.92,0,-0.590000000000003,Historical
Oct 1998,Taos,Historical,Historical,Historical,394.83,0,5.18,23.02,0.07,0.12,0.52,0.22,12.1,0,-21.21,0,382.74,3.43,0.25,0,386.41,0,237.95,0,-5.97,Historical
Nov 1998,Taos,Historical,Historical,Historical,299.67,0,11.3,30.98,0.07,0.12,0.52,0.22,13.3,0,-21.2,0,286.37,1.58,0.25,0,288.2,0,228.53,0,-9.41999999999999,Historical
Dec 1998,Taos,Historical,Historical,Historical,33.84,0,17.48,33.38,0.07,0.12,0.52,0.22,10.73,0,-21.23,0,23.11,5.39,0.25,0,28.75,0,220.33,0,-8.19999999999999,Historical
Jan 1999,Taos,Historical,Historical,Historical,107.99,0,22.52,37.98,0.07,0.13,0.53,0.22,10.44,0,-21.24,0,97.55,5.84,0.25,0,103.64,0,209.52,0,-10.81,Historical
Feb 1999,Taos,Historical,Historical,Historical,47.54,0,24.21,39.87,0.07,0.13,0.53,0.22,10.61,0,-21.25,0,36.93,5.65,0.25,0,42.83,0,198.42,0,-11.1,Historical
Mar 1999,Taos,Historical,Historical,Historical,119.22,0,19.34,36.9,0.07,0.13,0.53,0.22,11.95,0,-21.24,0,107.27,3.73,0.25,0,111.26,0,187.47,0,-10.95,Historical
Apr 1999,Taos,Historical,Historical,Historical,378.38,0,7,27.71,0.07,0.13,0.53,0.22,14.09,0,-21.15,0,364.29,0.49,0.25,0,365.03,0,177.87,0,-9.59999999999999,Historical
May 1999,Taos,Historical,Historical,Historical,413.96,59.17,47.42,127.19,0.07,0.13,0.53,0.22,54.15,0,-21.02,0,300.64,0.47,0.25,0.1,301.47,0,170.51,0,-7.36000000000001,Historical
Jun 1999,Taos,Historical,Historical,Historical,148.38,36.3,91.21,139.74,22.33,13.9,1.12,0.22,41.79,0,-21.3,0,70.29,0.63,9.34,2.97,83.22,0,203.23,0,32.72,Historical
Jul 1999,Taos,Historical,Historical,Historical,375.11,10.06,41.87,66.93,15.74,9.82,0.94,0.22,24.24,0,-21.44,0,340.81,0.52,6.65,3.01,350.99,0,219.85,0,16.62,Historical
Aug 1999,Taos,Historical,Historical,Historical,431.94,5.32,76.21,98.33,11.28,7.06,0.82,0.22,20.66,0,-21.48,0,405.95,0.46,4.83,2.6,413.84,0,218.91,0,-0.939999999999998,Historical
Sep 1999,Taos,Historical,Historical,Historical,161.21,0,55.83,74.46,5.72,3.62,0.68,0.22,15.07,0,-21.5,0,146.14,0.78,2.56,0.86,150.34,0,214.89,0,-4.02000000000001,Historical
Oct 1999,Taos,Historical,Historical,Historical,95.92,0,27.25,44.36,0.07,0.12,0.53,0.22,11.65,0,-21.54,0,84.27,4.49,0.26,0,89.01,0,207.13,0,-7.75999999999999,Historical
Nov 1999,Taos,Historical,Historical,Historical,18.9,0,24.91,40.19,0.07,0.12,0.53,0.21,10.36,0,-21.54,0,8.54,6.31,0.26,0,15.11,0,196.93,0,-10.2,Historical
Dec 1999,Taos,Historical,Historical,Historical,71.3,0,19.71,34.68,0.07,0.12,0.53,0.21,10.1,0,-21.54,0,61.21,6.63,0.26,0,68.09,0,185.44,0,-11.49,Historical
Jan 2000,Taos,Historical,Historical,Historical,120.19,0,21.11,36.91,0.07,0.13,0.53,0.21,10.67,0,-21.54,0,109.52,5.8,0.26,0,115.58,0,173.68,0,-11.76,Historical
Feb 2000,Taos,Historical,Historical,Historical,79.49,0,23.26,38.62,0.07,0.13,0.53,0.21,10.41,0,-21.55,0,69.08,6.24,0.26,0,75.58,0,162.49,0,-11.19,Historical
Mar 2000,Taos,Historical,Historical,Historical,312.46,0,14.39,31.25,0.07,0.13,0.53,0.21,11.46,0,-21.55,0,300.99,4.74,0.26,0,306,0,151.04,0,-11.45,Historical
Apr 2000,Taos,Historical,Historical,Historical,141.58,0.67,11.48,33.4,0.07,0.13,0.53,0.21,14.97,0,-21.54,0,125.95,0.34,0.26,0,126.55,0,140.64,0,-10.4,Historical
May 2000,Taos,Historical,Historical,Historical,45.73,3.71,12.05,34.82,5.26,3.34,0.67,0.21,17.61,0,-21.48,0,24.41,0.5,2.38,0.63,27.91,0,133.75,0,-6.88999999999999,Historical
Jun 2000,Taos,Historical,Historical,Historical,143.37,6.44,6.9,24.83,24.91,15.49,1.19,0.21,21.98,0,-21.41,0,114.95,0.51,10.39,3.2,129.05,0,128.8,0,-4.94999999999999,Historical
Jul 2000,Taos,Historical,Historical,Historical,204.89,4.41,1.81,17.78,24.81,15.43,1.18,0.21,20.69,0,-21.34,0,179.79,0.4,10.35,3.33,193.87,0,125.19,0,-3.61000000000001,Historical
Aug 2000,Taos,Historical,Historical,Historical,262.19,0.98,0.66,15.37,19.29,12.01,1.04,0.21,17.97,0,-21.33,0,243.24,0.34,8.1,2.93,254.6,0,120.23,0,-4.95999999999999,Historical
Sep 2000,Taos,Historical,Historical,Historical,43.03,0,0.81,13.09,16.31,10.17,0.96,0.21,14.28,0,-21.32,0,28.75,2.9,6.88,1.7,40.23,0,113.11,0,-7.12,Historical
Oct 2000,Taos,Historical,Historical,Historical,380.12,0,2.5,14.81,0.07,0.13,0.53,0.21,8.36,0,-21.33,0,371.76,9.07,0.26,0,381.09,0,103.64,0,-9.47,Historical
Nov 2000,Taos,Historical,Historical,Historical,141.45,0,7.29,20.48,0.07,0.12,0.53,0.21,8.9,0,-21.3,0,132.55,8.17,0.26,0,140.98,0,90.36,0,-13.28,Historical
Dec 2000,Taos,Historical,Historical,Historical,64.61,0,10.57,24.3,0.07,0.12,0.53,0.21,9.26,0,-21.28,0,55.35,7.6,0.26,0,63.2,0,77.64,0,-12.72,Historical
Jan 2001,Taos,Historical,Historical,Historical,194.68,0,11.54,24.56,0.11,0.13,0.61,0.31,8.81,0,-21.27,0,185.86,8.26,0.28,0,194.41,0,65.31,0,-12.33,Historical
Feb 2001,Taos,Historical,Historical,Historical,165.09,0,16.09,28.96,0.11,0.13,0.61,0.31,8.74,0,-21.25,0,156.35,8.39,0.28,0,165.02,0,52.56,0,-12.75,Historical
Mar 2001,Taos,Historical,Historical,Historical,200.18,0,25.67,41.27,0.11,0.13,0.61,0.31,10.63,0,-21.21,0,189.55,5.62,0.28,0,195.45,0,39.75,0,-12.81,Historical
Apr 2001,Taos,Historical,Historical,Historical,161.3,4.52,19.82,45.2,0.11,0.13,0.61,0.31,17.33,0,-21.19,0,139.46,0.34,0.28,0,140.08,0,28.88,0,-10.87,Historical
May 2001,Taos,Historical,Historical,Historical,183.46,26.4,80.14,125.48,4.33,2.74,0.73,0.31,32.77,0,-21.07,0,124.28,0.55,2.01,0.77,127.62,0,24.72,0,-4.16,Historical
Jun 2001,Taos,Historical,Historical,Historical,58.12,17.25,75.86,102.81,27.78,17.26,1.4,0.31,28.98,0,-20.89,0,11.89,0.68,11.6,3.27,27.44,0,35.23,0,10.51,Historical
Jul 2001,Taos,Historical,Historical,Historical,255.72,7.69,22.01,41.94,21.09,13.12,1.21,0.31,22.39,0,-20.75,0,225.65,0.53,8.87,3.22,238.27,0,38.96,0,3.73,Historical
Aug 2001,Taos,Historical,Historical,Historical,303.1,3.5,5.81,23.76,15.56,9.69,1.05,0.31,19.05,0,-20.7,0,280.54,0.38,6.6,2.74,290.26,0,36.48,0,-2.48,Historical
Sep 2001,Taos,Historical,Historical,Historical,68.19,0.1,3.08,18.75,12.56,7.84,0.96,0.31,15.36,0,-20.6,0,52.73,0.29,5.38,1.42,59.82,0,31.36,0,-5.12,Historical
Oct 2001,Taos,Historical,Historical,Historical,59.21,0,3.3,15.74,0.11,0.12,0.61,0.31,8.49,0,-20.53,0,50.72,8.11,0.28,0,59.1,0,24.06,0,-7.3,Historical
Nov 2001,Taos,Historical,Historical,Historical,143.05,0,8.65,21.03,0.11,0.12,0.61,0.31,8.4,0,-20.49,0,134.64,8.13,0.28,0,143.05,0,11.72,0,-12.34,Historical
Dec 2001,Taos,Historical,Historical,Historical,127.07,0,13.99,27.03,0.11,0.12,0.61,0.31,8.82,0,-20.46,0,118.25,7.43,0.28,0,125.96,0,-0.67,0,-12.39,Historical
Jan 2002,Taos,Historical,Historical,Historical,107.23,0,14.54,27.1,0.11,0.13,0.61,0.31,8.51,0,-20.43,0,98.72,7.88,0.28,0,106.89,0,-12.6,0,-11.93,Historical
Feb 2002,Taos,Historical,Historical,Historical,81.34,0,15.13,27.69,0.11,0.13,0.61,0.31,8.52,0,-20.4,0,72.82,7.85,0.28,0,80.95,0,-24.82,0,-12.22,Historical
Mar 2002,Taos,Historical,Historical,Historical,61.88,0,18.32,31.64,0.11,0.12,0.61,0.31,9.09,0,-20.35,0,52.78,7.05,0.28,0,60.11,0,-36.98,0,-12.16,Historical
Apr 2002,Taos,Historical,Historical,Historical,41.06,0,4.79,17.99,0.11,0.12,0.61,0.31,9.09,0,-20.25,0,31.97,7.07,0.28,0,39.32,0,-48.53,0,-11.55,Historical
May 2002,Taos,Historical,Historical,Historical,8.34,0,1.86,13.67,1.6,1.05,0.65,0.31,8.74,0,-19.95,0,-0.4,7.58,0.89,0.18,8.25,0,-59.99,0,-11.46,Historical
Jun 2002,Taos,Historical,Historical,Historical,93.31,2.36,1.31,12.33,27.68,17.2,1.39,0.31,18.23,0,-19.56,0,72.73,0.41,11.56,3.45,88.16,0,-71.71,0,-11.72,Historical
Jul 2002,Taos,Historical,Historical,Historical,238.79,0.38,0.59,11.27,22.89,14.23,1.26,0.31,16.51,0,-19.29,0,221.89,0.33,9.6,3.26,235.08,0,-77.57,0,-5.86,Historical
Aug 2002,Taos,Historical,Historical,Historical,114.44,0,0.46,9.91,24.46,15.2,1.3,0.31,15.83,0,-19.19,0,98.61,0.49,10.24,3.03,112.37,0,-84.55,0,-6.98,Historical
Sep 2002,Taos,Historical,Historical,Historical,398.01,0,0.78,10.97,3.94,2.49,0.72,0.31,9.55,0,-19.15,0,388.46,7.51,1.85,1.56,399.38,0,-91.93,0,-7.38000000000001,Historical
Oct 2002,Taos,Historical,Historical,Historical,197.24,0,1.18,12.49,0.11,0.12,0.61,0.31,7.7,0,-19.11,0,189.55,7.83,0.28,0,197.65,0,-103.5,0,-11.57,Historical
Nov 2002,Taos,Historical,Historical,Historical,188.32,0,4.39,16.44,0.11,0.12,0.61,0.31,8.16,0,-19.09,0,180.16,7.06,0.28,0,187.5,0,-115.21,0,-11.71,Historical
Dec 2002,Taos,Historical,Historical,Historical,130.52,0,7.19,18.64,0.11,0.12,0.61,0.31,7.74,0,-19.06,0,122.78,7.62,0.28,0,130.68,0,-126.43,0,-11.22,Historical
Jan 2003,Taos,Historical,Historical,Historical,49.42,0,9.49,21.48,0.11,0.12,0.6,0.31,8.13,0,-19.04,0,41.28,7.06,0.28,0,48.62,0,-138.04,0,-11.61,Historical
Feb 2003,Taos,Historical,Historical,Historical,223.73,0,11.64,24,0.11,0.12,0.6,0.31,8.39,0,-19,0,215.34,6.66,0.28,0,222.28,0,-149.23,0,-11.19,Historical
Mar 2003,Taos,Historical,Historical,Historical,265.21,0,9.35,24.45,0.11,0.12,0.6,0.31,10.29,0,-18.92,0,254.92,3.83,0.28,0,259.02,0,-160.13,0,-10.9,Historical
Apr 2003,Taos,Historical,Historical,Historical,99.3,1.78,3.51,23.88,0.11,0.12,0.6,0.31,13.91,0,-18.86,0,83.62,0.28,0.28,0,84.17,0,-169.06,0,-8.93000000000001,Historical
May 2003,Taos,Historical,Historical,Historical,77.15,18.12,6.94,42.78,1.69,1.1,0.65,0.31,25.09,0,-18.76,0,33.94,0.46,0.92,0.23,35.55,0,-174.3,0,-5.24000000000001,Historical
Jun 2003,Taos,Historical,Historical,Historical,99.98,17.98,10.14,36.67,24.86,15.45,1.31,0.31,27.67,0,-18.5,0,54.33,0.55,10.4,3.08,68.37,0,-168.54,0,5.76000000000002,Historical
Jul 2003,Taos,Historical,Historical,Historical,149.75,6.56,2.68,17.08,26.25,16.31,1.35,0.31,20.28,0,-18.23,0,122.91,0.45,10.97,3.58,137.9,0,-163.45,0,5.09,Historical
Aug 2003,Taos,Historical,Historical,Historical,278.54,1.91,0.78,13.66,18.12,11.28,1.12,0.31,16.34,0,-18.13,0,260.29,0.31,7.65,2.83,271.09,0,-166.01,0,-2.56,Historical
Sep 2003,Taos,Historical,Historical,Historical,241.43,0,0.94,15.87,5.04,3.17,0.74,0.31,12.53,0,-18.07,0,228.9,1.27,2.29,1.04,233.5,0,-171.44,0,-5.43000000000001,Historical
Oct 2003,Taos,Historical,Historical,Historical,117.34,0,1.06,13.67,0.11,0.12,0.6,0.31,8.6,0,-17.98,0,108.75,5.39,0.28,0,114.41,0,-178.45,0,-7.00999999999999,Historical
Nov 2003,Taos,Historical,Historical,Historical,147.97,0,6.24,17.72,0.11,0.12,0.6,0.31,7.78,0,-17.95,0,140.19,6.49,0.28,0,146.95,0,-188.12,0,-9.67000000000002,Historical
Dec 2003,Taos,Historical,Historical,Historical,102.59,0,10.45,23.5,0.11,0.12,0.6,0.31,8.83,0,-17.91,0,93.76,4.87,0.28,0,98.9,0,-198.58,0,-10.46,Historical
Jan 2004,Taos,Historical,Historical,Historical,108.3,0,11.39,24.47,0.11,0.12,0.6,0.31,8.85,0,-17.89,0,99.45,4.82,0.28,0,104.55,0,-207.95,0,-9.36999999999998,Historical
Feb 2004,Taos,Historical,Historical,Historical,234.23,0,11.95,24.09,0.11,0.12,0.6,0.31,8.23,0,-17.86,0,226,5.73,0.28,0,232.01,0,-217.27,0,-9.32000000000002,Historical
Mar 2004,Taos,Historical,Historical,Historical,100.04,0,39.52,52.27,0.11,0.12,0.6,0.31,8.74,0,-17.82,0,91.29,5.09,0.28,0,96.66,0,-227.19,0,-9.91999999999999,Historical
Apr 2004,Taos,Historical,Historical,Historical,552.48,6.9,21.85,46.17,0.11,0.12,0.6,0.31,16.59,0,-17.72,0,528.99,0.31,0.28,0,529.58,0,-236.56,0,-9.37,Historical
May 2004,Taos,Historical,Historical,Historical,24.34,19.46,43.72,79.58,1.68,1.1,0.65,0.31,25.11,0,-17.52,0,-20.23,0.53,0.92,0.19,-18.59,0,-237.98,0,-1.41999999999999,Historical
Jun 2004,Taos,Historical,Historical,Historical,114.01,14.08,29.36,50.23,25.02,15.55,1.31,0.31,24.05,0,-16.87,0,75.89,0.6,10.47,3.19,90.15,0,-230.91,0,7.06999999999999,Historical
Jul 2004,Taos,Historical,Historical,Historical,296.96,7.26,9.73,25.92,18.73,11.65,1.13,0.31,19.17,0,-16.47,0,270.53,0.46,7.89,3.18,282.06,0,-227.92,0,2.99000000000001,Historical
Aug 2004,Taos,Historical,Historical,Historical,177.62,6.65,2.18,17,20.88,12.99,1.19,0.31,18.26,0,-16.39,0,152.71,0.33,8.77,2.74,164.55,0,-229.22,0,-1.30000000000001,Historical
Sep 2004,Taos,Historical,Historical,Historical,182.93,0,1.05,14.52,0.11,0.12,0.6,0.31,9.24,0,-16.37,0,173.69,2.9,0.28,0,176.87,0,-230.96,0,-1.74000000000001,Historical
Oct 2004,Taos,Historical,Historical,Historical,230.79,0,3.91,16.5,0.11,0.12,0.6,0.31,8.58,0,-16.31,0,222.22,3.74,0.28,0,226.23,0,-238.37,0,-7.41,Historical
Nov 2004,Taos,Historical,Historical,Historical,183.37,0,21.25,32.25,0.11,0.12,0.6,0.31,7.47,0,-16.28,0,175.89,5.29,0.28,0,181.46,0,-246.4,0,-8.03,Historical
Dec 2004,Taos,Historical,Historical,Historical,152.68,0,16.47,28.94,0.11,0.12,0.6,0.31,8.44,0,-16.24,0,144.23,3.77,0.28,0,148.28,0,-255.49,0,-9.09,Historical
Jan 2005,Taos,Historical,Historical,Historical,304.92,0,18.13,33.08,0.11,0.12,0.6,0.31,10.12,0,-16.22,0,294.8,1.29,0.28,0,296.36,0,-263.57,0,-8.07999999999998,Historical
Feb 2005,Taos,Historical,Historical,Historical,229.32,0,21.61,37.6,0.11,0.12,0.6,0.31,10.84,0,-16.21,0,218.48,0.24,0.28,0,218.99,0,-269.95,0,-6.38,Historical
Mar 2005,Taos,Historical,Historical,Historical,267.07,0.57,23.95,40.55,0.11,0.12,0.6,0.31,11.3,0,-16.2,0,255.19,0.18,0.28,0,255.64,0,-275.61,0,-5.66000000000003,Historical
Apr 2005,Taos,Historical,Historical,Historical,226.8,30.77,52.42,98.98,0.11,0.12,0.6,0.31,31.62,0,-16.14,0,164.41,0.35,0.28,0,165.04,0,-280.79,0,-5.18000000000001,Historical
May 2005,Taos,Historical,Historical,Historical,180.89,95.35,111.91,222.07,2.39,1.53,0.66,0.31,75.64,0,-16.25,0,9.89,0.58,1.21,0.42,12.11,0,-265.6,0,15.19,Historical
Jun 2005,Taos,Historical,Historical,Historical,110.42,55.41,118.63,180.69,24.08,14.97,1.28,0.31,51.51,0,-16.46,0,3.5,0.7,10.08,3.07,17.35,0,-206.98,0,58.62,Historical
Jul 2005,Taos,Historical,Historical,Historical,133.91,25.12,39.92,70.72,26.12,16.23,1.34,0.31,31.27,0,-16.17,0,77.53,0.6,10.92,3.44,92.49,0,-175.97,0,31.01,Historical
Aug 2005,Taos,Historical,Historical,Historical,301.37,11.42,8.03,29.08,15.89,9.89,1.05,0.31,21.17,0,-16.03,0,268.78,0.4,6.73,2.67,278.58,0,-165.34,0,10.63,Historical
Sep 2005,Taos,Historical,Historical,Historical,274.77,5.36,1.63,19.09,9.62,6.01,0.87,0.31,16.15,0,-15.98,0,253.26,0.27,4.16,1.77,259.46,0,-163.61,0,1.72999999999999,Historical
Oct 2005,Taos,Historical,Historical,Historical,232.18,1.63,7.88,25.28,0.11,0.12,0.6,0.31,11.84,0,-15.94,0,218.71,0.18,0.28,0,219.17,0,-165.77,0,-2.16,Historical
Nov 2005,Taos,Historical,Historical,Historical,55.08,0,21.97,36.64,0.11,0.12,0.6,0.31,9.97,0,-15.93,0,45.11,1.27,0.28,0,46.65,0,-170.15,0,-4.38,Historical
Dec 2005,Taos,Historical,Historical,Historical,33.89,0,15.86,27.82,0.11,0.12,0.6,0.31,8.1,0,-15.91,0,25.79,3.96,0.27,0,30.02,0,-176.4,0,-6.25,Historical
Jan 2006,Taos,Historical,Historical,Historical,76.18,0,16.35,30.02,0.4,0.26,1.89,0.78,9.37,0,-15.88,0,66.82,2.08,1.25,0,70.15,0,-184.49,0,-8.09,Historical
Feb 2006,Taos,Historical,Historical,Historical,32.14,0,16.62,30,0.4,0.26,1.89,0.78,9.2,0,-15.86,0,22.93,2.34,1.25,0,26.52,0,-192.12,0,-7.63,Historical
Mar 2006,Taos,Historical,Historical,Historical,222.17,0,17.06,31.05,0.4,0.26,1.89,0.78,9.65,0,-15.83,0,212.52,1.7,1.25,0,215.47,0,-199.89,0,-7.76999999999998,Historical
Apr 2006,Taos,Historical,Historical,Historical,80.86,0,11.24,26.56,0.4,0.26,1.89,0.78,10.64,0,-15.81,0,70.22,0.36,1.25,0,71.83,0,-207.18,0,-7.29000000000002,Historical
May 2006,Taos,Historical,Historical,Historical,80.63,3.22,14.57,31.16,5.14,3.18,1.97,0.78,13.48,0,-15.81,0,63.92,0.47,3.15,0.66,68.21,0,-213.47,0,-6.28999999999999,Historical
Jun 2006,Taos,Historical,Historical,Historical,108.75,8.9,14.68,29.18,25.06,15.43,2.3,0.78,19.9,0,-15.78,0,79.96,0.56,11.15,3.26,94.93,0,-217.64,0,-4.16999999999999,Historical
Jul 2006,Taos,Historical,Historical,Historical,380.27,4.95,9.82,24.46,14.74,9.08,2.13,0.78,17.04,0,-15.78,0,358.28,0.43,7.01,3.07,368.79,0,-218.3,0,-0.660000000000025,Historical
Aug 2006,Taos,Historical,Historical,Historical,514.24,4.61,15.39,31.94,9,5.55,2.03,0.78,16.19,0,-15.77,0,493.43,0.38,4.7,2.46,500.97,0,-221.46,0,-3.16,Historical
Sep 2006,Taos,Historical,Historical,Historical,234.56,2.02,15.04,31.59,2.48,1.54,1.92,0.78,12.49,0,-15.75,0,220.04,0.29,2.08,0.51,222.93,0,-224.75,0,-3.28999999999999,Historical
Oct 2006,Taos,Historical,Historical,Historical,244.18,0,31.5,46.13,0.4,0.26,1.89,0.78,10.09,0,-15.76,0,234.09,0.99,1.25,0,236.33,0,-229.66,0,-4.91,Historical
Nov 2006,Taos,Historical,Historical,Historical,73.01,0,39.18,52.81,0.4,0.26,1.89,0.78,9.37,0,-15.76,0,63.64,1.99,1.25,0,66.88,0,-236.44,0,-6.78,Historical
Dec 2006,Taos,Historical,Historical,Historical,269.45,0,22.42,36.79,0.4,0.26,1.89,0.78,9.82,0,-15.75,0,259.63,1.25,1.25,0,262.13,0,-243.94,0,-7.5,Historical
Jan 2007,Taos,Historical,Historical,Historical,151.39,0,19.43,33.88,0.4,0.26,1.89,0.78,9.88,0,-15.76,0,141.51,1.17,1.25,0,143.92,0,-250.99,0,-7.05000000000001,Historical
Feb 2007,Taos,Historical,Historical,Historical,152.61,0,22.25,37.11,0.4,0.26,1.89,0.78,10.19,0,-15.76,0,142.42,0.76,1.25,0,144.42,0,-257.98,0,-6.99000000000001,Historical
Mar 2007,Taos,Historical,Historical,Historical,141.38,1.23,53.72,70.34,0.4,0.26,1.89,0.78,11.45,0,-15.75,0,128.7,0.24,1.25,0,130.19,0,-264.66,0,-6.68000000000001,Historical
Apr 2007,Taos,Historical,Historical,Historical,202.01,12,27.48,54.73,0.4,0.26,1.89,0.78,18.68,0,-15.71,0,171.33,0.32,1.25,0,172.9,0,-270.07,0,-5.40999999999997,Historical
May 2007,Taos,Historical,Historical,Historical,241.88,35.25,33.63,83.51,1.55,0.97,1.91,0.78,34.65,0,-15.69,0,171.97,0.48,1.71,0.32,174.48,0,-268.21,0,1.86000000000001,Historical
Jun 2007,Taos,Historical,Historical,Historical,127.9,28.24,24.33,58.7,22.88,14.09,2.26,0.78,32.63,0,-15.53,0,67.02,0.62,10.27,3.13,81.04,0,-250.69,0,17.52,Historical
Jul 2007,Taos,Historical,Historical,Historical,373.87,12.57,13.95,34.89,16.8,10.35,2.16,0.78,21.98,0,-15.33,0,339.32,0.51,7.83,3.18,350.83,0,-238.2,0,12.49,Historical
Aug 2007,Taos,Historical,Historical,Historical,224.25,12.42,18.27,37.76,20.14,12.41,2.21,0.78,21.58,0,-15.29,0,190.26,0.48,9.17,2.91,202.81,0,-236.11,0,2.08999999999998,Historical
Sep 2007,Taos,Historical,Historical,Historical,309.56,7.37,14.33,32.97,9.56,5.89,2.04,0.78,17.21,0,-15.27,0,284.99,0.34,4.92,1.95,292.2,0,-234.16,0,1.95000000000002,Historical
Oct 2007,Taos,Historical,Historical,Historical,63.72,0,14.61,29.21,0.4,0.26,1.89,0.78,10.08,0,-15.28,0,53.64,0.54,1.24,0,55.43,0,-235.43,0,-1.27000000000001,Historical
Nov 2007,Taos,Historical,Historical,Historical,45.26,0,20.97,33.09,0.4,0.26,1.89,0.78,8.34,0,-15.25,0,36.91,3,1.24,0,41.15,0,-241.74,0,-6.31,Historical
Dec 2007,Taos,Historical,Historical,Historical,431.29,2.37,21.53,38.9,0.4,0.26,1.89,0.78,11.84,0,-15.2,0,417.08,0.06,1.24,0,418.38,0,-249.75,0,-8.00999999999999,Historical
Jan 2008,Taos,Historical,Historical,Historical,260.14,0,17.41,32.11,0.4,0.26,1.89,0.78,10.04,0,-15.2,0,250.1,0.36,1.25,0,251.7,0,-254.21,0,-4.46000000000001,Historical
Feb 2008,Taos,Historical,Historical,Historical,220.08,6.57,18.38,39.91,0.4,0.26,1.89,0.78,14.67,0,-15.2,0,198.83,0.11,1.25,0,200.18,0,-260.48,0,-6.27000000000001,Historical
Mar 2008,Taos,Historical,Historical,Historical,103.55,8.54,34.69,58.13,0.4,0.26,1.89,0.78,16.03,0,-15.24,0,78.97,0.21,1.25,0,80.43,0,-262.11,0,-1.63,Historical
Apr 2008,Taos,Historical,Historical,Historical,100.73,27.91,59.79,102.47,0.4,0.26,1.89,0.78,29.1,0,-15.26,0,43.71,0.35,1.24,0,45.31,0,-262.43,0,-0.319999999999993,Historical
May 2008,Taos,Historical,Historical,Historical,131.52,42.2,99.54,156.22,0.93,0.59,1.9,0.78,38.88,0,-15.34,0,50.44,0.52,1.46,0.1,52.51,0,-249.7,0,12.73,Historical
Jun 2008,Taos,Historical,Historical,Historical,65.12,46.94,93.11,144.96,25.22,15.53,2.3,0.78,45.19,0,-15.32,0,-27.01,0.72,11.21,3.23,-11.85,0,-227.37,0,22.33,Historical
Jul 2008,Taos,Historical,Historical,Historical,353.8,18.84,31.54,59.16,15.78,9.73,2.14,0.78,26.13,0,-15.38,0,308.82,0.54,7.42,3.07,319.85,0,-202.25,0,25.12,Historical
Aug 2008,Taos,Historical,Historical,Historical,316.51,10.54,7.4,27.17,14.97,9.23,2.13,0.78,20.2,0,-15.38,0,285.77,0.41,7.09,2.73,296,0,-195.92,0,6.33000000000001,Historical
Sep 2008,Taos,Historical,Historical,Historical,116.15,5.98,4.38,21.76,9.57,5.9,2.04,0.78,15.55,0,-15.34,0,94.61,0.28,4.92,1.18,101,0,-195.18,0,0.739999999999981,Historical
Oct 2008,Taos,Historical,Historical,Historical,199.05,1.62,4.33,20.97,0.4,0.26,1.88,0.78,11.42,0,-15.33,0,186.01,0.18,1.24,0,187.43,0,-197.41,0,-2.22999999999999,Historical
Nov 2008,Taos,Historical,Historical,Historical,99.62,2.08,6,23.16,0.4,0.26,1.88,0.78,11.73,0,-15.32,0,85.8,0.1,1.24,0,87.15,0,-202.42,0,-5.00999999999999,Historical
Dec 2008,Taos,Historical,Historical,Historical,362.24,1.17,10.98,27.26,0.4,0.26,1.88,0.78,11.11,0,-15.31,0,349.96,0.06,1.24,0,351.26,0,-207.11,0,-4.69000000000003,Historical
Jan 2009,Taos,Historical,Historical,Historical,110.67,1.79,17.27,34.16,0.4,0.27,1.88,0.78,11.53,0,-15.31,0,97.35,0.08,1.24,0,98.68,0,-212.42,0,-5.30999999999997,Historical
Feb 2009,Taos,Historical,Historical,Historical,47.44,2.57,20.98,38.6,0.4,0.27,1.88,0.78,12.06,0,-15.32,0,32.81,0.13,1.24,0,34.18,0,-217.31,0,-4.89000000000001,Historical
Mar 2009,Taos,Historical,Historical,Historical,133.89,6.66,34.13,55.77,0.4,0.27,1.88,0.78,14.82,0,-15.33,0,112.41,0.22,1.24,0,113.87,0,-221.68,0,-4.37,Historical
Apr 2009,Taos,Historical,Historical,Historical,199.91,14.26,32.63,61.79,0.4,0.26,1.88,0.78,19.96,0,-15.36,0,165.68,0.32,1.24,0,167.25,0,-223.29,0,-1.60999999999999,Historical
May 2009,Taos,Historical,Historical,Historical,151.69,54.38,89.48,156.44,5.96,3.68,1.97,0.78,47.99,0,-15.41,0,49.32,0.56,3.47,0.95,54.3,0,-219.79,0,3.5,Historical
Jun 2009,Taos,Historical,Historical,Historical,237.21,28.64,43.02,80.02,16.73,10.31,2.15,0.78,32.41,0,-15.35,0,176.16,0.56,7.79,2.76,187.28,0,-189.36,0,30.43,Historical
Jul 2009,Taos,Historical,Historical,Historical,235.65,19.65,15.15,41.87,19.95,12.29,2.2,0.78,26.8,0,-15.27,0,189.2,0.55,9.09,3.27,202.1,0,-176.43,0,12.93,Historical
Aug 2009,Taos,Historical,Historical,Historical,111.32,12.26,3.02,21.51,22.58,13.9,2.25,0.78,21.47,0,-15.29,0,77.58,0.39,10.14,2.9,91.01,0,-169.6,0,6.83000000000001,Historical
Sep 2009,Taos,Historical,Historical,Historical,290.4,3.57,2.8,19.65,4.6,2.85,1.95,0.78,13.73,0,-15.3,0,273.09,0.26,2.92,1.02,277.3,0,-167.79,0,1.81,Historical
Oct 2009,Taos,Historical,Historical,Historical,253.86,0.17,5.25,20.41,0.4,0.26,1.88,0.78,10.41,0,-15.28,0,243.28,0.15,1.24,0,244.67,0,-171.54,0,-3.75,Historical
Nov 2009,Taos,Historical,Historical,Historical,70.71,1.21,8.1,24.33,0.4,0.26,1.88,0.78,11.11,0,-15.27,0,58.38,0.11,1.24,0,59.74,0,-177.51,0,-5.97,Historical
Dec 2009,Taos,Historical,Historical,Historical,162.85,0,12.95,27.18,0.4,0.26,1.88,0.78,9.72,0,-15.28,0,153.13,0.91,1.24,0,155.28,0,-182.77,0,-5.26000000000002,Historical
Jan 2010,Taos,Historical,Historical,Historical,173.73,0,14.47,29.16,0.4,0.27,1.88,0.78,10.05,0,-15.28,0,163.68,0.45,1.24,0,165.36,0,-189.44,0,-6.66999999999999,Historical
Feb 2010,Taos,Historical,Historical,Historical,173.88,0,16.98,31,0.4,0.27,1.88,0.78,9.61,0,-15.27,0,164.27,1.11,1.24,0,166.62,0,-195.77,0,-6.33000000000001,Historical
Mar 2010,Taos,Historical,Historical,Historical,311.52,0.61,27.89,43.44,0.4,0.27,1.88,0.78,10.7,0,-15.26,0,300.2,0.19,1.24,0,301.63,0,-202.53,0,-6.75999999999999,Historical
Apr 2010,Taos,Historical,Historical,Historical,137.47,28.52,48.48,91.77,0.4,0.27,1.88,0.78,29.51,0,-15.26,0,79.44,0.36,1.24,0,81.03,0,-208.2,0,-5.66999999999999,Historical
May 2010,Taos,Historical,Historical,Historical,77.07,44.3,40.5,99.43,0.73,0.47,1.89,0.78,40.27,0,-15.38,0,-7.5,0.49,1.37,0.05,-5.59,0,-195.05,0,13.15,Historical
Jun 2010,Taos,Historical,Historical,Historical,37.74,43.88,32.69,80.85,27.61,17,2.33,0.78,43.38,0,-15.57,0,-49.52,0.69,12.16,3.31,-33.37,0,-171.32,0,23.73,Historical
Jul 2010,Taos,Historical,Historical,Historical,376.67,14.04,4.71,27.52,17.06,10.51,2.16,0.78,23.18,0,-15.75,0,339.45,0.44,7.92,3.1,350.92,0,-148.37,0,22.95,Historical
Aug 2010,Taos,Historical,Historical,Historical,250.29,17.82,2.41,28.77,17.91,11.04,2.17,0.78,25.42,0,-15.77,0,207.05,0.37,8.27,2.77,218.46,0,-145.42,0,2.95000000000002,Historical
Sep 2010,Taos,Historical,Historical,Historical,139.57,6.83,2.06,19.31,13.36,8.24,2.1,0.78,17.1,0,-15.84,0,115.63,0.29,6.44,1.82,124.19,0,-139.94,0,5.47999999999999,Historical
Oct 2010,Taos,Historical,Historical,Historical,156.23,0,3,16.66,0.4,0.27,1.88,0.78,9.4,0,-15.86,0,146.83,2.07,1.24,0,150.13,0,-141.81,0,-1.87,Historical
Nov 2010,Taos,Historical,Historical,Historical,49.4,0,15.85,29.49,0.4,0.27,1.88,0.78,9.36,0,-15.87,0,40.04,2.09,1.24,0,43.37,0,-149.37,0,-7.56,Historical
Dec 2010,Taos,Historical,Historical,Historical,155.53,0,17.88,33.2,0.4,0.27,1.88,0.78,10.47,0,-15.87,0,145.06,0.42,1.24,0,146.72,0,-156.99,0,-7.62,Historical
Jan 2011,Taos,Historical,Historical,Historical,44.78,0,14.9,27.94,0.4,0.27,1.88,0.78,8.92,0,-15.88,0,35.85,2.72,1.24,0,39.81,0,-163.49,0,-6.5,Historical
Feb 2011,Taos,Historical,Historical,Historical,157.57,0,16.65,30.11,0.4,0.27,1.88,0.78,9.23,0,-15.88,0,148.34,2.28,1.24,0,151.86,0,-171.56,0,-8.06999999999999,Historical
Mar 2011,Taos,Historical,Historical,Historical,76.56,0,21.47,35.15,0.4,0.27,1.88,0.78,9.46,0,-15.89,0,67.09,2.07,1.24,0,70.4,0,-179.31,0,-7.75,Historical
Apr 2011,Taos,Historical,Historical,Historical,182.58,0,6.7,20.73,0.4,0.27,1.89,0.78,9.73,0,-15.88,0,172.84,1.71,1.24,0,175.8,0,-186.84,0,-7.53,Historical
May 2011,Taos,Historical,Historical,Historical,105.46,1.6,13.83,30.51,0.93,0.59,1.89,0.78,11.82,0,-15.81,0,92.03,0.4,1.45,0.08,93.97,0,-194.09,0,-7.25,Historical
Jun 2011,Taos,Historical,Historical,Historical,3.25,14.24,33.68,51.84,28.87,17.78,2.36,0.78,23.43,0,-15.65,0,-34.43,0.63,12.67,3.29,-17.84,0,-199.28,0,-5.19,Historical
Jul 2011,Taos,Historical,Historical,Historical,190.89,9.36,22.36,37.39,24.47,15.08,2.28,0.78,20.14,0,-15.6,0,161.38,0.53,10.9,3.32,176.13,0,-196.36,0,2.91999999999999,Historical
Aug 2011,Taos,Historical,Historical,Historical,195.44,6.21,8.85,21.95,21.62,13.32,2.24,0.78,17.6,0,-15.58,0,171.62,0.39,9.76,2.92,184.69,0,-196.64,0,-0.279999999999973,Historical
Sep 2011,Taos,Historical,Historical,Historical,279.1,0.37,4.92,17.48,8.16,5.04,2.01,0.78,12.34,0,-15.57,0,266.38,0.25,4.36,1.6,272.6,0,-198.99,0,-2.35000000000002,Historical
Oct 2011,Taos,Historical,Historical,Historical,277.06,0,11.41,23.06,0.4,0.27,1.89,0.78,8.06,0,-15.54,0,269,3.75,1.24,0,273.99,0,-205.05,0,-6.06,Historical
Nov 2011,Taos,Historical,Historical,Historical,146.77,0,27.38,40.48,0.4,0.27,1.89,0.78,8.99,0,-15.54,0,137.78,2.31,1.24,0,141.33,0,-213.64,0,-8.58999999999998,Historical
Dec 2011,Taos,Historical,Historical,Historical,188.5,0,15.37,29.25,0.4,0.27,1.89,0.78,9.48,0,-15.54,0,179.02,1.53,1.24,0,181.78,0,-221.29,0,-7.65000000000001,Historical
Jan 2012,Taos,Historical,Historical,Historical,71.06,0,14.69,29.62,0.4,0.27,1.89,0.78,10.21,0,-15.55,0,60.85,0.48,1.24,0,62.57,0,-228.46,0,-7.17000000000002,Historical
Feb 2012,Taos,Historical,Historical,Historical,136.54,0.51,16.12,31.96,0.4,0.27,1.89,0.78,10.83,0,-15.56,0,125.19,0.11,1.24,0,126.54,0,-234.9,0,-6.44,Historical
Mar 2012,Taos,Historical,Historical,Historical,104.07,1.3,34.75,51.26,0.4,0.27,1.89,0.78,11.38,0,-15.58,0,91.39,0.23,1.24,0,92.86,0,-240.73,0,-5.82999999999998,Historical
Apr 2012,Taos,Historical,Historical,Historical,148.37,18.98,16.72,50.8,0.4,0.27,1.89,0.78,23.3,0,-15.6,0,106.09,0.36,1.24,0,107.7,0,-246.05,0,-5.32000000000002,Historical
May 2012,Taos,Historical,Historical,Historical,88.66,15.14,10.07,38.89,4.15,2.57,1.95,0.78,21.34,0,-15.72,0,52.19,0.46,2.74,0.54,55.93,0,-239.45,0,6.60000000000002,Historical
Jun 2012,Taos,Historical,Historical,Historical,28.7,13.08,4.49,21.86,28.62,17.63,2.35,0.78,22.96,0,-15.82,0,-7.33,0.53,12.57,3.48,9.24,0,-235.54,0,3.91,Historical
Jul 2012,Taos,Historical,Historical,Historical,222.86,6.79,2.71,16.57,21.91,13.5,2.24,0.78,18.47,0,-15.86,0,197.59,0.39,9.87,3.2,211.06,0,-233.46,0,2.07999999999998,Historical
Aug 2012,Taos,Historical,Historical,Historical,248.93,4.16,1.81,14.46,18.39,11.33,2.19,0.78,16.4,0,-15.87,0,228.37,0.33,8.46,2.89,240.06,0,-235.51,0,-2.04999999999998,Historical
Sep 2012,Taos,Historical,Historical,Historical,178.51,0,2.25,13.44,10.15,6.27,2.05,0.78,11.88,0,-15.88,0,166.63,0.8,5.16,1.55,174.14,0,-239.29,0,-3.78,Historical
Oct 2012,Taos,Historical,Historical,Historical,45.01,0,2.64,14.11,0.4,0.27,1.89,0.78,7.93,0,-15.9,0,37.09,4.3,1.24,0,42.63,0,-246.12,0,-6.83000000000001,Historical
Nov 2012,Taos,Historical,Historical,Historical,58.33,0,7.35,18.98,0.4,0.27,1.89,0.78,8,0,-15.9,0,50.33,4.14,1.24,0,55.71,0,-255.2,0,-9.07999999999998,Historical
Dec 2012,Taos,Historical,Historical,Historical,194.85,0,10.84,23.18,0.4,0.27,1.89,0.78,8.44,0,-15.9,0,186.4,3.43,1.24,0,191.07,0,-264.21,0,-9.00999999999999,Historical
Jan 2013,Taos,Historical,Historical,Historical,127.52,0,8.8,22.02,0.4,0.27,1.89,0.78,9.03,0,-15.91,0,118.49,2.56,1.24,0,122.29,0,-272.78,0,-8.56999999999999,Historical
Feb 2013,Taos,Historical,Historical,Historical,126.07,0,11.43,25.95,0.4,0.27,1.89,0.78,9.94,0,-15.91,0,116.13,1.26,1.24,0,118.63,0,-280.77,0,-7.99000000000001,Historical
Mar 2013,Taos,Historical,Historical,Historical,87.31,0,18.57,32.63,0.4,0.27,1.89,0.78,9.7,0,-15.93,0,77.61,1.74,1.24,0,80.59,0,-287.85,0,-7.08000000000004,Historical
Apr 2013,Taos,Historical,Historical,Historical,78.47,0,8.71,23.33,0.4,0.27,1.89,0.78,10.13,0,-15.92,0,68.33,1.17,1.24,0,70.74,0,-295.19,0,-7.33999999999998,Historical
May 2013,Taos,Historical,Historical,Historical,37.31,0.32,5.15,20.45,1.44,0.91,1.91,0.78,11.06,0,-15.89,0,25.93,0.38,1.66,0.13,28.1,0,-302.09,0,-6.89999999999998,Historical
Jun 2013,Taos,Historical,Historical,Historical,44.51,9.44,2.99,17.18,27.44,16.9,2.34,0.78,20.35,0,-15.77,0,14.73,0.48,12.1,3.36,30.67,0,-308.19,0,-6.10000000000002,Historical
Jul 2013,Taos,Historical,Historical,Historical,384.41,3.02,1.73,14.08,15.72,9.69,2.14,0.78,15.6,0,-15.71,0,365.78,0.35,7.39,2.98,376.5,0,-308.53,0,-0.339999999999975,Historical
Aug 2013,Taos,Historical,Historical,Historical,236.01,4.31,4.44,17.03,18.43,11.36,2.19,0.78,16.19,0,-15.68,0,215.51,0.33,8.48,2.72,227.04,0,-312.98,0,-4.45000000000005,Historical
Sep 2013,Taos,Historical,Historical,Historical,533.18,3.12,12.56,29.72,3.54,2.2,1.94,0.78,14.6,0,-15.68,0,515.46,0.29,2.51,1.93,520.19,0,-316.59,0,-3.60999999999996,Historical
Oct 2013,Taos,Historical,Historical,Historical,187,1.66,15.21,32.24,0.4,0.27,1.89,0.78,11.69,0,-15.69,0,173.64,0.19,1.24,0,175.07,0,-320.77,0,-4.18000000000001,Historical
Nov 2013,Taos,Historical,Historical,Historical,264.69,1.86,21.6,38.95,0.4,0.27,1.89,0.78,11.85,0,-15.71,0,250.98,0.1,1.24,0,252.33,0,-325.87,0,-5.10000000000002,Historical
Dec 2013,Taos,Historical,Historical,Historical,59.54,0,16.78,31.08,0.4,0.27,1.89,0.78,9.77,0,-15.75,0,49.78,1.32,1.24,0,52.34,0,-330.85,0,-4.98000000000002,Historical
Jan 2014,Taos,Historical,Historical,Historical,16.27,0,15.33,28.52,0.4,0.27,1.89,0.78,9.03,0,-15.75,0,7.24,2.43,1.25,0,10.92,0,-337.95,0,-7.09999999999997,Historical
Feb 2014,Taos,Historical,Historical,Historical,48.82,0,20.15,32.74,0.4,0.27,1.89,0.78,8.66,0,-15.76,0,40.16,3.04,1.25,0,44.44,0,-345.79,0,-7.84000000000003,Historical
Mar 2014,Taos,Historical,Historical,Historical,133.6,0,27.99,41.71,0.4,0.27,1.9,0.78,9.47,0,-15.76,0,124.14,1.91,1.25,0,127.29,0,-354,0,-8.20999999999998,Historical
Apr 2014,Taos,Historical,Historical,Historical,201.83,2.79,11.92,30.06,0.4,0.27,1.9,0.78,12.51,0,-15.77,0,186.54,0.29,1.25,0,188.08,0,-361.41,0,-7.41000000000003,Historical
May 2014,Taos,Historical,Historical,Historical,218.32,11.75,17.51,44.37,0.55,0.36,1.9,0.78,18.56,0,-15.73,0,188.02,0.43,1.31,0.04,189.8,0,-365.79,0,-4.38,Historical
Jun 2014,Taos,Historical,Historical,Historical,42.13,24.69,30.11,59.67,26.55,16.35,2.33,0.78,30.32,0,-15.68,0,-12.88,0.61,11.74,3.11,2.59,0,-364.12,0,1.67000000000002,Historical
Jul 2014,Taos,Historical,Historical,Historical,397.6,7.06,19.66,36.18,15.1,9.31,2.14,0.78,18.44,0,-15.73,0,372.1,0.49,7.14,3.08,382.82,0,-354.14,0,9.98000000000002,Historical
Aug 2014,Taos,Historical,Historical,Historical,308.27,8.13,13.52,31.34,14.74,9.09,2.13,0.78,18.64,0,-15.73,0,281.49,0.39,7,2.56,291.45,0,-355.87,0,-1.73000000000002,Historical
Sep 2014,Taos,Historical,Historical,Historical,119.3,4.8,7.2,20.64,17.76,10.95,2.18,0.78,15.96,0,-15.73,0,98.54,0.28,8.21,2.12,109.15,0,-356.87,0,-1,Historical
Oct 2014,Taos,Historical,Historical,Historical,116.36,0,17.85,29.33,0.4,0.27,1.9,0.78,7.96,0,-15.77,0,108.4,4.16,1.25,0,113.81,0,-360.16,0,-3.29000000000002,Historical
Nov 2014,Taos,Historical,Historical,Historical,203.43,0,26.82,39.64,0.4,0.27,1.9,0.78,8.8,0,-15.76,0,194.63,2.81,1.25,0,198.69,0,-369.09,0,-8.92999999999995,Historical
Dec 2014,Taos,Historical,Historical,Historical,193.9,1.3,18.96,35.84,0.4,0.27,1.9,0.78,11.51,0,-15.77,0,181.1,0.07,1.25,0,182.41,0,-377.17,0,-8.08000000000004,Historical
Jan 2015,Taos,Historical,Historical,Historical,160.77,0.96,15.37,31.92,0.4,0.27,1.9,0.78,11.3,0,-15.8,0,148.51,0.08,1.25,0,149.84,0,-382.56,0,-5.38999999999999,Historical
Feb 2015,Taos,Historical,Historical,Historical,223.36,2.68,20.91,39.14,0.4,0.27,1.9,0.78,12.46,0,-15.81,0,208.21,0.13,1.25,0,209.59,0,-388.18,0,-5.62,Historical
Mar 2015,Taos,Historical,Historical,Historical,239.21,7.74,40.03,63.23,0.4,0.27,1.9,0.78,15.88,0,-15.82,0,215.59,0.24,1.25,0,217.07,0,-392.64,0,-4.45999999999998,Historical
Apr 2015,Taos,Historical,Historical,Historical,101.23,11.95,15.68,43.04,0.4,0.27,1.9,0.78,18.75,0,-15.86,0,70.53,0.32,1.25,0,72.1,0,-393.7,0,-1.06,Historical
May 2015,Taos,Historical,Historical,Historical,424.58,41.09,12.01,68.31,0.4,0.27,1.9,0.78,38.55,0,-15.75,0,344.94,0.41,1.25,0.24,346.84,0,-391.94,0,1.75999999999999,Historical
Jun 2015,Taos,Historical,Historical,Historical,175.94,49.83,43.24,99.3,22.3,13.74,2.26,0.78,47.07,0,-15.45,0,79.04,0.65,10.04,3.07,92.8,0,-370.5,0,21.44,Historical
Jul 2015,Taos,Historical,Historical,Historical,370.46,20.46,40.47,70.22,14.68,9.06,2.14,0.78,27,0,-15.41,0,323,0.49,6.98,2.83,333.3,0,-343.43,0,27.07,Historical
Aug 2015,Taos,Historical,Historical,Historical,190.88,18.96,9.48,35.52,20.55,12.67,2.23,0.78,25.89,0,-15.38,0,146.03,0.42,9.34,2.75,158.53,0,-336.02,0,7.41000000000003,Historical
Sep 2015,Taos,Historical,Historical,Historical,78.36,9.23,5.65,22.82,18.71,11.53,2.2,0.78,18.7,0,-15.42,0,50.43,0.3,8.6,2.09,61.42,0,-329.71,0,6.31,Historical
Oct 2015,Taos,Historical,Historical,Historical,289.6,0.12,5.08,20.34,0.4,0.27,1.9,0.78,10.48,0,-15.44,0,279,0.17,1.25,0,280.42,0,-329.94,0,-0.230000000000018,Historical
Nov 2015,Taos,Historical,Historical,Historical,254.4,1.32,21.22,37.73,0.4,0.28,1.9,0.78,11.29,0,-15.42,0,241.8,0.11,1.25,0,243.16,0,-336.01,0,-6.06999999999999,Historical
Dec 2015,Taos,Historical,Historical,Historical,201.6,2.17,17.96,35.36,0.4,0.28,1.9,0.78,11.86,0,-15.44,0,187.57,0.07,1.25,0,188.89,0,-341.27,0,-5.25999999999999,Historical
